3.119182746878547061e-02,1.190254389099495991e-01,3.028496745052021932e+00,9.680152638737916926e-02,1.595526378205230911e-01,2.595018451236652535e-01,1.814309655735298413e-02,4.675736961451246870e-02,-3.112785681168007557e+01,2.550613691461834254e+00,4.704583323143694124e-02,-3.738598899646454199e-01,-1.237139589594893757e-01,-3.841332783888833438e-03,9.981134428576128592e-02,-1.307692877550635235e-01,-7.676600914114431462e-02,-1.415901390273200389e-01,-5.533036410728955218e-02,1.314978929236496896e-01,2.939362407501802665e-02,1.702190433730721431e-02,5.821458891585460033e-04,2.626477322267842252e-02,4.488768849427832944e-04,6.097723095910476815e-03,6.555684889407159543e-02,2.326227430304369658e-04,7.502183905738042669e-03,1.548495855720310489e-02,1.724972273492579025e-03,9.048886961286703445e-02,1.853145482221015342e-03,4.272969372216308542e-02,2.124528239671411023e-02,1.775616619116101302e-01,3.701057444402564567e-01,2.700817085253140459e-02,3.151549759891186103e-02,2.841292825715250325e-01,1.459024576432012624e-02,4.044398065456592667e-02,7.346171695752466313e+00,8.997950051830468920e-01,5.907811320878796346e-01,5.012228060332155621e-01,4.119061189304933923e-01,2.929311884962375045e-01,3.810410590390055363e-01,3.562061662360887504e-01,4.467815663018053218e-01,4.264071820141905333e-01,3.423350582611436321e-01,3.237468439727932412e-01,3.269096591401545737e-01,3.522669401229482772e-02,9.545275354154704678e-04,3.642862796922025082e-02,5.532735601162058715e-04,7.941677832236126652e-03,6.421990138693797756e-02,3.543763586791445958e-04,1.602083319795580968e-02,2.120260988879890326e-02,2.105033177616656703e-03,9.072700047390820643e-02,2.816429376420177214e-03,1.574699582646637078e-02
3.012485811577752387e-02,1.226870437664663305e-01,3.033598266271261945e+00,9.530307482825783882e-02,1.593876959635388835e-01,2.443702111682353462e-01,2.202838334819755273e-02,4.598639455782312785e-02,-2.994839893020239430e+01,2.647670703279439763e+00,4.316693004749096174e-02,-3.444321053249164155e-01,-1.280016596276749019e-01,-2.243770094621959713e-02,7.479710556482943584e-02,-1.047970193099962977e-01,-7.768946557493451588e-02,-1.778058947682896185e-01,-9.671368677773095612e-02,1.169850265479575602e-01,1.280050762243069989e-02,1.727944468921411778e-02,5.993919570821723119e-04,3.243161266681078569e-02,4.891135706404672835e-04,6.463167143527175085e-03,6.399634461958780829e-02,2.198105072778243449e-04,7.455989167440383279e-03,1.452372939831713533e-02,1.663720425773919202e-03,8.331863111959364465e-02,1.774001367367351693e-03,4.233093355956286247e-02,2.162750171567953683e-02,1.758501873650071823e-01,3.678318049843097293e-01,2.771136328896190229e-02,3.204475962280065038e-02,2.908334427256996646e-01,1.881190552044219311e-02,4.085671974568536730e-02,7.104692397365548473e+00,9.887774260586895680e-01,6.067372124197858430e-01,5.342651012539066935e-01,4.136629620953737319e-01,3.157556521119415649e-01,3.997829881100917748e-01,3.644487469877077390e-01,4.529275202529372546e-01,4.343109952744161339e-01,3.427284823961160298e-01,3.549962167819763481e-01,3.409519208455539241e-01,3.563091808210665928e-02,9.751700981274438089e-04,4.372466938413937382e-02,5.864668552614033708e-04,8.391252152019785734e-03,6.501070258420317549e-02,3.529116288295423886e-04,1.606044284645767595e-02,2.143048311219532959e-02,2.141416036788072741e-03,8.922656824390305663e-02,2.840063542701315186e-03,1.545988373166129817e-02
2.737797956867195695e-02,1.497959045086297014e-01,3.053740692653552191e+00,9.369710647263117254e-02,1.590545272294982548e-01,1.993644386061181051e-01,2.288387541322881719e-02,4.086167800453514853e-02,-2.840048582878618078e+01,2.686898917915640173e+00,-5.179037266179317006e-02,-3.852557984734841234e-01,-1.583104924152028692e-01,4.370173245113807142e-02,3.938574578125451225e-02,-8.002989407397499699e-02,-1.776906395821227502e-01,-2.705825099125629407e-01,-1.530095254279852934e-01,1.360523285572008689e-01,6.441552237952509474e-02,1.665155482853534694e-02,6.030562513972256627e-04,3.096100958805369716e-02,4.621921593595279564e-04,8.713263091347508288e-03,7.172656998569945652e-02,2.383863444566151316e-04,7.429699280367795498e-03,1.368502938400666807e-02,1.322470257835488055e-03,7.457354261931317674e-02,1.768610640304575741e-03,4.346396229405303374e-02,1.980323508315392014e-02,1.759565632648281697e-01,3.720767205753823803e-01,2.911623805521402000e-02,3.489282879821833938e-02,2.563958655424700139e-01,1.958686199141353515e-02,3.703994003462512258e-02,6.883543724779016770e+00,9.928143860018870948e-01,6.186205631385766068e-01,5.872637532285053252e-01,4.157993150188551978e-01,3.392747842273940995e-01,3.842897543159738416e-01,3.472970020153862691e-01,4.739875131374688411e-01,4.252285853402736349e-01,3.475800142127827286e-01,3.665655520151554492e-01,3.571011310576646114e-01,3.580011076460243302e-02,9.745049634498261643e-04,4.426965828459965280e-02,5.953329095275010146e-04,1.689600657978313283e-02,6.986769197683130594e-02,3.716558830719827577e-04,1.606243401481455974e-02,2.091037381832497669e-02,1.841412077366521129e-03,9.136460023979757483e-02,2.838615454997942596e-03,1.481777143261135340e-02
2.292849035187287388e-02,2.134478002098066096e-01,3.077953337902872732e+00,9.441951358955019691e-02,1.629269544215128929e-01,1.307464334565667796e-01,2.607614686325874370e-02,3.070294784580499328e-02,-2.676308532613888858e+01,2.709109935021861482e+00,-2.002259514127224527e-01,-4.256538893723677552e-01,-2.574491570430877951e-01,6.139566733311081770e-02,4.042739185573735253e-03,-4.810846920966230927e-02,-2.140613947845199372e-01,-2.909178675761593391e-01,-2.134365975292403794e-01,7.893144266215948446e-02,6.184607450799768646e-02,1.977480746186389624e-02,5.942518842703089534e-04,3.420388009992608724e-02,4.189913457670783946e-04,1.506240029581626567e-02,7.120101095809495961e-02,2.530721540873910320e-04,7.186821933134035674e-03,1.269995097530821765e-02,1.215440989704105919e-03,6.250040160908888753e-02,1.601481643031785456e-03,4.398291426514770730e-02,1.432173466114643016e-02,2.243552151780018877e-01,3.778361467240086147e-01,3.032250986295668971e-02,3.574185093312609585e-02,1.630644357311176185e-01,2.258982829789392063e-02,2.268575742315536575e-02,6.419094908408709443e+00,9.926110062260008471e-01,6.199626700806807333e-01,6.104284002089528371e-01,4.689403844735220983e-01,3.864472809355262162e-01,3.532002807913515730e-01,3.389739136628330263e-01,4.466415870797540433e-01,4.208307523438043485e-01,3.899779035718651254e-01,3.640056549738760472e-01,3.740136103060363038e-01,4.225942667055704316e-02,9.730253662623018210e-04,4.729081047056708093e-02,5.707321946938212964e-04,3.168471421547913031e-02,7.133141364152592589e-02,3.833160136073269901e-04,1.608972990400217920e-02,2.068360811879239522e-02,1.562875707857035818e-03,9.109364602643381381e-02,2.813569353963427718e-03,1.444831554802810183e-02
2.099886492622020720e-02,2.472210892658291137e-01,3.087934791161856207e+00,9.529797708713724780e-02,1.656304300862435075e-01,1.032291270275281087e-01,2.943843839539442286e-02,2.757369614512471603e-02,-2.510448317732511825e+01,2.744806526397689961e+00,-3.417563799868864050e-01,-4.574846031989972528e-01,-2.534099475606279017e-01,3.727969288436561862e-02,-2.468369337252547535e-02,-1.354060589175059420e-02,-2.514826458137246479e-01,-3.074877536566076874e-01,-1.999897638063680427e-01,5.357364506936659887e-02,9.612726345381301940e-02,2.005277072137641448e-02,6.677929405423045812e-04,3.289385808497045233e-02,4.716750220093984943e-04,1.684848422748476404e-02,7.012596818355512629e-02,2.613618311741646989e-04,7.510070121297260197e-03,1.388294240054092042e-02,3.985675584174019209e-03,5.367030035400438548e-02,2.268946367602199966e-03,4.304339285458019804e-02,1.216225066627890129e-02,2.171473453292008249e-01,3.786294361929450347e-01,3.107729061004653112e-02,3.620900003409158185e-02,1.355191638020718514e-01,2.320444713886481158e-02,1.904956258306082784e-02,5.308690648670846279e+00,9.760913642180375493e-01,6.868400881745867492e-01,6.091401035067797176e-01,5.267544147889120509e-01,4.158780949855962472e-01,3.537513528738304713e-01,3.503781843569881982e-01,4.392625459369456364e-01,4.181290709594314703e-01,4.053023220077555111e-01,3.543706974471885207e-01,3.583704309844806257e-01,4.231663770766411897e-02,1.011542207079140551e-03,4.766551155362237779e-02,6.849658225417170829e-04,3.234880647349094862e-02,7.200251371559873714e-02,4.088996236768650382e-04,1.633543766048922014e-02,2.145169495373909843e-02,1.807285793270912294e-02,8.747829474011423190e-02,7.809334305765097510e-03,1.429252631023410908e-02
2.229284903518729058e-02,2.565824224151533883e-01,3.103639510238297206e+00,9.957944864735196466e-02,1.681964813905812983e-01,1.180587584974837484e-01,3.006079521959976672e-02,3.052154195011337612e-02,-2.349424157693611903e+01,2.649710815861856084e+00,-4.512928286504364062e-01,-4.938326379720063275e-01,-1.774933758132428707e-01,4.490143141667176513e-02,-1.535019288061870851e-02,-2.867822831181157661e-02,-2.837402024847272552e-01,-3.132358783580513339e-01,-2.410547773913208625e-01,3.156458247024027108e-02,8.008715017793026358e-02,2.311562299723185152e-02,9.834218559447369112e-04,3.240812098282831732e-02,7.458222497571054483e-04,1.752759685075506654e-02,7.110741563122800757e-02,4.295221683918450085e-04,7.997236643987373425e-03,1.693787907187633418e-02,4.488849417364300723e-03,3.167513876026249731e-02,5.102899641114807226e-03,3.810046498306500495e-02,1.219929224858153777e-02,2.081991094086381722e-01,3.741566688502958038e-01,3.353046100077269193e-02,4.045119585494589415e-02,1.405903406401971534e-01,2.281817228690062593e-02,1.898927464274158955e-02,2.759971777729707476e+00,1.009455308731514123e+00,7.311865808466193606e-01,5.766468040543186735e-01,6.485607989362818238e-01,4.201341688377006056e-01,3.524998827403289514e-01,3.677596101598528122e-01,4.313420947326839228e-01,4.136603731353157287e-01,3.960945717539973709e-01,3.742211080905724629e-01,3.648936504484104337e-01,4.306418637380019648e-02,1.422903779933533657e-03,4.787310375262522621e-02,1.615438736059338120e-03,3.211304524620047646e-02,7.133658639003009894e-02,9.179718870799345298e-04,1.624507595424997189e-02,2.258739219871557305e-02,1.808236427553787731e-02,5.361400395793708418e-02,1.502943467314974205e-02,1.158585259459259630e-02
2.735527809307605057e-02,2.244316882415333114e-01,3.119493342592804641e+00,1.012276260924770271e-01,1.665073474761079031e-01,1.635357079829855842e-01,2.888269206884200996e-02,3.891156462585033948e-02,-2.395334129773515386e+01,2.760276941613094337e+00,-2.959442561605091226e-01,-4.515928767666199106e-01,-1.985028147539091847e-01,2.139525848145968148e-02,-3.844232815977030593e-02,1.700672321727494875e-04,-2.525188468621131777e-01,-2.615499859218023970e-01,-2.247958431913307520e-01,-6.854956202699519219e-03,3.259958151438633461e-02,2.437995948937223684e-02,8.822676970729534515e-04,3.375001703123190616e-02,7.069928229647163762e-04,1.651734578404361400e-02,6.858329675632521272e-02,4.335838270948825179e-04,7.197266600892301101e-03,1.749159987782695005e-02,4.529258829269185854e-03,3.207720534552653546e-02,4.754822315775441080e-03,3.684104358251467926e-02,3.071858623640423558e-02,1.983895766811053507e-01,1.912166714548153013e-01,3.720382488100833218e-02,4.055591517466199114e-02,3.130931266709474081e-01,2.295885301805633549e-02,5.682950473141802628e-02,2.817217625936267122e+00,9.579333276904672401e-01,8.632204681229953547e-01,5.729062503308340881e-01,6.259656140179786776e-01,4.024134957503788801e-01,3.722430490441819284e-01,3.468567149162484764e-01,4.528747380381539789e-01,4.112125906658418151e-01,3.921889330501858728e-01,3.624721865556776446e-01,3.582172971551769725e-01,4.301685191650189005e-02,1.399881479854632764e-03,4.741168788598363465e-02,1.587469285057371794e-03,3.187157144060968894e-02,6.980683319547736909e-02,9.154786407163297696e-04,1.591829427869927149e-02,2.255536783385208438e-02,1.808579137872848644e-02,4.785414084630611187e-02,1.499422311593198373e-02,1.186392696177489096e-02
2.746878547105561369e-02,2.275915605740349568e-01,3.100596710966883496e+00,1.008866609550598537e-01,1.655278945254276546e-01,1.557178201270398299e-01,2.962772925943000374e-02,3.650793650793651007e-02,-2.398730386341198795e+01,2.727278374677755579e+00,-3.058703084418627482e-01,-4.863692660623946118e-01,-2.314149202993653620e-01,2.142799753676612878e-02,-2.411257385700440320e-02,2.312102391880198685e-02,-1.833355446423618751e-01,-1.789635726854034159e-01,-2.102974584032374361e-01,-2.079994142325264708e-02,-6.570717298301251286e-02,3.333353429144766261e-02,7.171081396369693517e-04,3.479074187774266330e-02,6.824069719452319650e-04,1.636766005800019408e-02,6.244335077354619401e-02,4.306163380829442205e-04,7.364091217512873724e-03,1.278436696502775402e-02,4.402965965884454887e-03,3.321460051648365830e-02,4.832998112543493430e-03,3.724919116220403587e-02,3.046991344110954597e-02,1.982485673282406990e-01,2.327766641652561919e-01,3.679994055303081879e-02,4.216448645309074650e-02,3.071221138152895880e-01,2.256372106218626841e-02,5.621799512449451863e-02,2.754252348717584287e+00,8.502188847069100941e-01,8.569723201549940272e-01,5.938167128573225151e-01,6.366729833774679159e-01,3.943511824366221497e-01,3.855580061683854254e-01,3.370936430050172072e-01,4.480789756638581256e-01,4.045540922113533000e-01,4.069796961344545605e-01,3.520831887437960717e-01,3.656771284783866816e-01,5.032372778163871768e-02,1.194973002883633001e-03,4.715299428126702719e-02,1.590135561384674757e-03,3.192963548751776709e-02,7.116677288261372136e-02,9.197097575054253562e-04,1.661721021438147816e-02,1.462936457612988919e-02,1.809775437697422676e-02,4.845049440355773257e-02,1.497424411252453076e-02,1.181800548374175794e-02
2.787741203178206381e-02,2.208540520728033418e-01,3.087650732957640809e+00,1.014212455803996937e-01,1.652010600158776710e-01,1.561293507255137047e-01,3.161153292437406115e-02,3.673469387755102372e-02,-2.399498665128222896e+01,2.717403498174585152e+00,-3.915178296566377836e-01,-4.806454437596914264e-01,-2.370436835920479157e-01,-5.160684801896438245e-02,-2.963210091990372413e-02,8.260158146638696408e-02,-9.926488833686182567e-02,-1.252233583263435701e-01,-1.428582623362454895e-01,-3.405362021422110932e-03,-1.017888607200818502e-01,3.609691424236802226e-02,1.081196224334562625e-03,3.654392481495175038e-02,7.245991461308254637e-04,1.541347269389026220e-02,4.558262145187538805e-02,4.373589086667948526e-04,7.450618232706643883e-03,1.183869246174211291e-02,4.415254627752083355e-03,4.394604027430158710e-02,4.829132874721898949e-03,3.540301302200646316e-02,3.028768223956119360e-02,2.029441131051482883e-01,2.375190814714477627e-01,3.741034520622313342e-02,4.451854626819928828e-02,3.069728670975143126e-01,2.176972360579625121e-02,5.622668347863409716e-02,2.774737527954901584e+00,8.496147350860986380e-01,8.293582087367236122e-01,6.019652728469726544e-01,6.401994202184867477e-01,4.620967762281275593e-01,4.032554389655135241e-01,3.284930575963226351e-01,4.214758267522889512e-01,3.735653550579920434e-01,4.137896009254901086e-01,3.621494407646728697e-01,3.411776753061528389e-01,4.949332263460871906e-02,2.171454068545927794e-03,4.677310225639005198e-02,1.584726073701943263e-03,3.207830579853834796e-02,5.863073783794633259e-02,9.174228077514079557e-04,1.659036693619376016e-02,1.428094860402772705e-02,1.809493158897317044e-02,5.337659049620963048e-02,1.497529975373714656e-02,1.090040085233946743e-02
2.835414301929625389e-02,2.272532892667693816e-01,3.084435733186686956e+00,1.030074389430701426e-01,1.681797847678414837e-01,1.543288939541487825e-01,2.919835694359542225e-02,3.687074829931972358e-02,-2.384511472446246927e+01,2.767529994151157524e+00,-4.097206313785770049e-01,-4.270557644188261448e-01,-2.595489389000554259e-01,-9.611618723705961376e-02,-1.202557221373185166e-02,6.279231904724277835e-02,-6.116774602414060125e-02,-6.370216066489341189e-02,-8.225636160876019509e-02,6.918402651695707006e-02,-7.010098313838392103e-02,3.525159514669090610e-02,1.090557978546330582e-03,2.897831906815782552e-02,7.485106626701039855e-04,1.629765734391097967e-02,3.560253706909945193e-02,4.807009807712656633e-04,7.347194568801887135e-03,1.307144519167515763e-02,4.418148336878292837e-03,5.744652033741015629e-02,4.693368849254351584e-03,3.418619244874802204e-02,3.006937916175032172e-02,2.047088632969674138e-01,2.374485360513137466e-01,3.648140579070657114e-02,4.395759889623222089e-02,3.075691399289977035e-01,2.262150661213678873e-02,5.618425328692103898e-02,2.771537126658899730e+00,8.523349347700204248e-01,7.892530097788714727e-01,6.097959065102458442e-01,6.397692355077313486e-01,4.761822056330665132e-01,3.831758683610853033e-01,3.181518381139050167e-01,3.842206393267257325e-01,3.647052899220488142e-01,4.051061205723606173e-01,3.334034396769836039e-01,3.444537805129501140e-01,4.958231895367749137e-02,2.167814976239902398e-03,3.687291661705856954e-02,1.585815428736674602e-03,3.233210677164927160e-02,4.554723185603859470e-02,9.239763499072496233e-04,1.660504167616284193e-02,1.485255353673739682e-02,1.809272989857010211e-02,5.901129976966494606e-02,1.498716244629054450e-02,9.547259396624804828e-03
2.874006810442678375e-02,2.195206666816230390e-01,3.095215599183999799e+00,1.036385706509803523e-01,1.679574264799656436e-01,1.570721484967689263e-01,2.970160656656456802e-02,3.723356009070295097e-02,-2.380310432123497222e+01,2.805441824982452204e+00,-4.163772094863872897e-01,-4.553562828624509451e-01,-2.253756250113105875e-01,-6.661654109483244879e-02,-3.388799978051333650e-02,4.258408035479556777e-03,-1.161087648674458683e-01,-1.356222503421938286e-01,-1.241138598263787224e-01,7.680033538989707032e-02,-4.916217066256210744e-02,2.657289892796198261e-02,1.105144438062718656e-03,3.140454155204133041e-02,7.596487504053058481e-04,1.978763257229809377e-02,4.279078734638422365e-02,4.784239758877417746e-04,7.375996356269167928e-03,1.317042311938202911e-02,4.570738215260991728e-03,5.304882249764566321e-02,4.726054362170159680e-03,3.358757483488677975e-02,2.992588385636189147e-02,2.020970108745787641e-01,2.342470370060840135e-01,3.721586447460012437e-02,4.647419490184397095e-02,3.067061631659632748e-01,2.575298596050424466e-02,5.608217249657012488e-02,2.768309636100081406e+00,9.096038929951975049e-01,7.938495802894350861e-01,5.900849144285794656e-01,6.287858536722680247e-01,4.968617965734074549e-01,3.773767588229784420e-01,3.013267743348858052e-01,4.054593724065858051e-01,3.546839123524776483e-01,3.871227494280868875e-01,3.383760986880358645e-01,3.651908508445436685e-01,4.067647043496730452e-02,2.162566460225905009e-03,4.128311020955059696e-02,1.582441693906782264e-03,3.463577460952661780e-02,4.825148174789588296e-02,9.238454725768853546e-04,1.658778298614856442e-02,1.480688932656292964e-02,1.808134318920959563e-02,5.525149264118198872e-02,1.497940919711222840e-02,8.677235040720784540e-03
2.942111237230420062e-02,2.304008015153575506e-01,3.109950655592575774e+00,1.052260857618329271e-01,1.679380364506334322e-01,1.728393653195611224e-01,2.705697424117144839e-02,3.773242630385487822e-02,-2.350332966601301621e+01,2.663205529504148128e+00,-3.714892398131564577e-01,-5.744364339959185939e-01,-2.413480587857280979e-01,-2.268620596798627195e-02,-3.774220852625235351e-02,-2.726911370092272718e-02,-1.956619854755021481e-01,-1.578723217193833683e-01,-1.512481255155071480e-01,6.157299973591497111e-02,-3.636811613738828719e-02,2.556484901354966546e-02,1.061586086684104336e-03,2.567087417687679077e-02,7.144222700979067529e-04,2.280471459505054033e-02,5.251394700057090970e-02,5.138712978661449981e-04,7.414247316688318476e-03,1.354820822221501977e-02,4.556243661773811716e-03,4.564220887905334756e-02,4.812388469611576965e-03,3.358060498860488546e-02,2.969543916358604110e-02,1.955263200370319088e-01,2.345294509752262058e-01,3.632671035906950147e-02,4.607996757911347885e-02,3.039925453195007066e-01,2.398667000752126299e-02,5.593651602579246401e-02,2.632884816249124071e+00,8.350472126794880046e-01,8.187254412729977338e-01,5.858577931734878508e-01,6.299023193154366096e-01,5.080339761985475100e-01,3.743793797516019595e-01,2.957975401756057776e-01,4.273305633056735386e-01,3.731909050031006481e-01,3.903169059893707438e-01,3.232687712233347499e-01,3.844001538475702584e-01,4.073012152569716049e-02,2.164853438531190531e-03,3.685047006031553357e-02,1.579266663209975179e-03,3.667420388044409507e-02,5.346283385470034649e-02,9.280783607177007588e-04,1.655712888079245368e-02,1.476250515518135256e-02,1.808174764826518330e-02,5.219067189252163397e-02,1.495845914721338765e-02,8.669589279146655558e-03
2.912599318955732056e-02,2.088301087037931492e-01,3.085258043280589835e+00,1.089613819781022758e-01,1.717162098201664433e-01,1.883086625582867379e-01,2.671647386910928901e-02,3.727891156462585093e-02,-2.373565422421818027e+01,2.643032112969984748e+00,-2.334922645910648964e-01,-5.588990726368688877e-01,-2.690725858276128424e-01,-9.002306192671331864e-02,-6.804666752288791864e-02,1.699391221073077995e-02,-1.273799390425013056e-01,-6.230945241644000876e-02,-1.044044661912357230e-01,3.296525367039846582e-02,-1.070346601077994814e-01,2.770678457207555873e-02,1.098817596757843207e-03,3.363867992653699068e-02,7.241697933825766344e-04,2.039949824570537473e-02,3.948177636813197250e-02,5.131680554495347650e-04,7.050780120679688012e-03,1.306036919397260757e-02,4.547134291752605133e-03,5.299774161871096539e-02,4.740299189643851739e-03,3.315540105346416466e-02,2.978015702528857833e-02,2.017123991619650392e-01,2.473820525066606490e-01,3.658124585450382021e-02,4.634583853545085758e-02,3.051183360746080875e-01,2.346032341574934288e-02,5.605845775781993084e-02,2.686116149790895413e+00,8.341415718128132317e-01,9.167923929584984588e-01,5.411618645810849504e-01,6.252800389901289613e-01,4.838365345273498153e-01,3.848736962259665662e-01,2.997307935047750505e-01,4.005715286361077321e-01,3.549597377135907950e-01,3.729370943820242701e-01,2.997013575048051437e-01,3.774442311314069598e-01,4.041852484842230891e-02,2.158670805784464013e-03,4.468793325011975043e-02,1.576205302637566277e-03,3.461145149486572620e-02,4.350356956773090977e-02,9.242262003249886908e-04,1.663700538985884644e-02,1.488148522307293498e-02,1.808394873642938522e-02,5.450814804387363322e-02,1.497659547666607867e-02,8.884939329806848182e-03
3.391600454029511380e-02,1.454294307910826978e-01,3.047969891037665580e+00,1.109394122385383291e-01,1.689425572898320682e-01,2.625755922574355417e-01,2.446409119661250436e-02,4.521541950113378006e-02,-2.465968934284624936e+01,2.610008641344509162e+00,-6.170436903876974633e-02,-5.522019840944558666e-01,-1.452036765568669729e-01,-5.829646230726198697e-02,-1.053020731431942303e-01,2.006091265175246816e-02,-1.244294255225630308e-01,-1.980803525535366344e-02,-1.103732733589449927e-02,9.229810503740480676e-02,-6.939530851241811071e-02,2.434146685076686578e-02,1.116100841472565967e-03,2.981773332028578999e-02,7.742672897010307751e-04,1.403584197583063187e-02,3.993122678658642816e-02,7.074629035654738090e-04,8.500198970965837722e-03,1.387103791579535894e-02,4.917077979458908676e-03,6.098126089424694279e-02,5.028809882204971805e-03,3.182432948955781632e-02,3.394507549779848116e-02,1.437169233810927926e-01,2.677086620540437556e-01,3.704902855360572844e-02,4.669976528258132364e-02,4.009097957193013539e-01,2.076819158850633229e-02,6.495941286843061324e-02,3.288398779368824520e+00,9.159303405545106136e-01,9.627464854138766404e-01,5.621575703342847063e-01,6.054305649528211042e-01,4.567922671367413701e-01,3.617562349320941339e-01,3.114822090831798618e-01,3.959076758088265202e-01,3.606994274951701440e-01,3.282352628719695242e-01,3.271795742579801103e-01,3.675441497881094532e-01,3.444920224801189396e-02,2.161745458496197245e-03,4.172070286420216656e-02,1.576701706777334155e-03,2.344713851064639254e-02,4.211015177365359102e-02,1.379850130047754640e-03,1.851630903837582498e-02,1.475757290659725739e-02,1.823985060452726001e-02,5.653449858410728585e-02,1.495047843388882906e-02,1.002267379169196823e-02
3.673098751418842761e-02,1.238190599720691010e-01,3.031194030043257825e+00,1.117398032139113456e-01,1.661163848666579179e-01,3.015880833855381637e-01,2.353663136485799681e-02,5.079365079365079361e-02,-2.500215884133906030e+01,2.535993533714063997e+00,4.519494001284245221e-02,-6.247773471566301362e-01,-1.956290811289289056e-01,-4.651530529037599393e-02,-1.186105074076714005e-01,3.635986264575578192e-02,-1.072669887713249837e-01,1.677328525420299565e-03,-2.341440750203071727e-02,7.632300247608450605e-02,-1.088897266087472671e-01,2.832296626609539722e-02,1.132792651503221684e-03,3.155693868178866685e-02,7.629377248203279881e-04,1.358079045615852298e-02,3.892883476141902055e-02,7.914863747670554872e-04,8.989155106543311041e-03,1.225154975646103317e-02,2.326377239120934991e-03,6.015177909003750767e-02,3.913753815129708373e-03,3.191596307766728785e-02,3.633708555117765721e-02,1.286943631725725457e-01,3.012184487640837682e-01,3.966060288803895800e-02,4.984113704853637694e-02,4.370633229542403297e-01,2.031036985666608008e-02,7.158640733741729323e-02,3.389228076781101162e+00,9.936662620763397902e-01,8.708105806086058331e-01,6.252687246359310835e-01,5.676318733425451679e-01,4.312352091447540503e-01,3.485676888013827801e-01,3.107571443759118979e-01,3.940197167017062130e-01,3.537948101667276468e-01,3.253061197520804582e-01,3.344610063731585647e-01,3.804845768374262027e-01,3.818942333964527730e-02,2.153469508644630191e-03,4.371282419174823269e-02,1.605249148368396127e-03,2.285496769248199223e-02,4.266828592010699778e-02,1.502793540330886685e-03,1.872207739474153476e-02,1.346602106080111751e-02,4.063196944930793156e-03,5.610490471221069725e-02,1.319112352962910351e-02,1.020794341846666987e-02
3.666288308740067725e-02,1.172159779905611598e-01,2.993238247735746871e+00,1.098039287791924834e-01,1.648046331459981084e-01,3.046755191284167830e-01,2.348175385573975441e-02,5.043083900226756622e-02,-2.531041924576731006e+01,2.673561573486269882e+00,1.849245581863369070e-01,-6.734612224890196286e-01,-2.835186143192052755e-01,-5.530385592995831767e-02,-1.409704051742157460e-01,1.099901592934934280e-01,-1.028428107580768719e-01,3.114205909841607361e-02,-1.635063432515358045e-02,1.159210786196138848e-01,-8.285304139215390884e-02,2.536579400887613994e-02,8.218983338894273339e-04,3.246425422152060536e-02,4.857157058909195631e-04,1.469774660132137749e-02,3.765277014519090998e-02,7.315847591209642979e-04,8.622131974218740294e-03,1.375414058236765387e-02,1.767076587913023406e-03,6.638431922153101294e-02,1.103886514768744227e-03,3.280262724413997993e-02,3.670853874431558028e-02,1.316457422909549646e-01,3.127248735582753292e-01,4.112385021490706088e-02,5.053507899989282542e-02,4.421557708782053453e-01,2.033223061695381070e-02,7.257023766743500581e-02,3.341669932527501885e+00,1.034243562509279402e+00,7.772329299652784851e-01,6.090979382732627512e-01,4.111558326164632127e-01,4.265680235793936070e-01,3.416288068730961025e-01,3.222695507679894655e-01,3.907176206191429468e-01,3.678097584155313182e-01,3.134536063342124312e-01,3.186318075336179723e-01,3.855269803946277940e-01,3.770587857869447251e-02,1.930880311859652738e-03,4.326089226499185009e-02,6.712180757804903997e-04,2.334768831731993954e-02,4.329142355575095469e-02,1.372053160939309220e-03,1.879772376617934102e-02,1.816982896954340981e-02,3.741527654799967420e-03,5.618969474110816625e-02,1.551660664846328226e-03,9.755886414755629218e-03
4.335981838819522732e-02,1.158390896846925450e-01,3.013740313307499363e+00,1.175408944147031814e-01,1.671663425191468322e-01,3.169422405945939158e-01,2.486074395020069355e-02,5.641723356009070017e-02,-2.557378612730540723e+01,2.587799965004350167e+00,1.759781174922526170e-01,-6.103669555339132913e-01,-2.331589827322338715e-01,-3.487688331841374417e-02,-1.051783008074044373e-01,1.049580976649728964e-01,-7.565840412659773084e-02,4.901765834675443634e-02,-7.295295183783959657e-03,1.435239456581650919e-01,-7.851922606572052377e-02,2.342771147604758020e-02,7.987326944928498616e-04,3.072745160815425550e-02,4.663402658954540758e-04,1.448480444313142955e-02,3.492923002956975498e-02,7.061608326116970919e-04,8.512200041291946573e-03,1.314524050853961741e-02,1.646544333639103543e-03,6.613436075726179808e-02,1.120433593640425551e-03,3.219247670505871739e-02,5.617869910095776159e-02,1.324597578841366363e-01,2.927686806852899948e-01,5.244311964722773306e-02,5.088631890363102400e-02,4.489749206893163258e-01,2.203258109432563311e-02,8.207318773359847941e-02,3.761048752797300665e+00,1.085100332766566922e+00,7.644369805847079924e-01,6.760168529582422092e-01,4.511143407591639565e-01,4.315600212213058784e-01,3.338766270020542271e-01,3.325742151125070101e-01,4.000320071421305523e-01,3.694799076434007734e-01,3.173951446088456030e-01,3.133892272128259160e-01,3.934424994614484916e-01,3.795718147513392482e-02,1.925540674076608441e-03,4.382506504784253187e-02,6.510917681915689677e-04,2.343203500056754984e-02,4.260396093681449031e-02,1.350221477088263617e-03,1.881199131534928848e-02,1.812653264010486570e-02,3.694486589265163004e-03,5.866126655468092282e-02,1.509353725603600378e-03,1.153989170689512754e-02
4.374574347332575719e-02,1.056148899725155993e-01,2.963404585114354450e+00,1.196881328737184474e-01,1.714520912828847443e-01,3.152714079517935364e-01,2.438031190052419167e-02,5.600907029478457977e-02,-2.570300603248432836e+01,2.679395444264172088e+00,2.662406538966256009e-01,-5.312567414905745578e-01,-2.220599913294385441e-01,-9.430497009637249517e-02,-1.047241266779804503e-01,1.120026394662669150e-01,-6.891028132675028339e-02,3.605416544372242599e-02,-2.311090835937013033e-02,1.373548947606339499e-01,-3.372205660948202760e-02,1.517810851341377075e-02,8.065656423109410613e-04,3.146744147253290741e-02,4.788503597353457441e-04,1.745596733207211912e-02,3.553895215192784396e-02,7.016791681159101650e-04,4.652603062425523898e-03,1.415246694466191883e-02,1.627848705640533517e-03,7.400484432289290704e-02,1.078192312729277756e-03,3.181383068546855125e-02,5.702645462852136415e-02,1.265335861644800997e-01,3.961135563568159990e-01,5.131987994099078410e-02,5.012152843866918284e-02,4.498505555219510232e-01,2.223065694393718331e-02,8.222792535374923162e-02,3.808492819095221638e+00,1.067408833281309644e+00,7.054329366681393321e-01,6.367537149279615116e-01,4.660641036792071978e-01,4.441469296069551209e-01,3.062972225378374214e-01,3.303333242355493415e-01,4.094196263166796079e-01,3.689227115618723962e-01,3.073498492167585638e-01,3.145911767450458307e-01,3.606922312372952688e-01,2.405767483163206988e-02,1.924082363658950095e-03,4.364106804718511506e-02,6.411812507255013407e-04,2.543016751497864658e-02,4.275976531510353867e-02,1.348429680172915333e-03,1.031147162351485173e-02,1.796321925377772008e-02,3.697776942995928146e-03,5.658367892803949084e-02,1.502371219610647334e-03,1.131279520489797061e-02
4.506242905788875042e-02,8.094945432858674517e-02,2.911906160385464126e+00,1.220578760189054007e-01,1.724746876305235377e-01,3.285203695877445540e-01,2.413056225593524298e-02,5.746031746031746157e-02,-2.618385526032995969e+01,2.500534293292931309e+00,1.444266204673145815e-01,-6.092323614443608815e-01,-2.205788281241690962e-01,-5.832473497120166557e-03,-2.633484896681124315e-02,6.723441289339898708e-02,-8.790839378007631044e-02,7.960672933314548450e-02,-6.179413705972316290e-02,1.408381045162867551e-01,-4.089089577642930629e-02,1.378740432334072882e-02,5.656346131328344063e-04,3.081836811850383398e-02,4.696711274572576487e-04,1.876126186386951888e-02,3.726633676571121379e-02,8.074524689676545932e-04,7.213236316494556731e-03,1.833341773433640187e-02,2.476669176471576854e-03,6.394340813144026858e-02,1.333465035338746076e-03,3.082734207854026867e-02,5.653225815633877022e-02,1.021232775203869542e-01,4.139221901049926489e-01,5.037188620011404105e-02,4.878615163088976386e-02,4.442963293159993832e-01,2.213870413925821123e-02,8.184227306621873199e-02,3.852976785043964458e+00,1.073974332239469476e+00,9.156287642461652387e-01,6.518863334419773281e-01,4.842993852621326201e-01,3.867124417103938727e-01,3.431275286072609232e-01,3.263585244996165535e-01,3.924357102567279654e-01,3.953075757292761061e-01,2.963531137466755561e-01,3.226899237696764233e-01,3.664020796498714261e-01,2.368063615390756521e-02,7.275393352676415857e-04,4.392670757920957153e-02,6.325893804198169830e-04,2.636216737946676242e-02,4.291315285449633088e-02,1.414025665631447491e-03,1.329386339664640100e-02,2.311414554430579749e-02,5.725792166042130947e-03,5.730769539272936169e-02,1.741907917279970951e-03,1.171878447064140898e-02
4.576617480136208754e-02,1.000185156188333618e-01,2.916202149411745825e+00,1.214490262711055563e-01,1.697501684699854185e-01,3.305279541190648818e-01,2.799124486629779238e-02,5.804988662131520261e-02,-2.608693190778807036e+01,2.398682548338677556e+00,6.232336498169200462e-02,-6.675667063612894525e-01,-2.622472769044157936e-01,2.736690734737723396e-02,1.542288148900192689e-02,7.569808538788211361e-02,-1.152007636455322503e-01,6.971717535607779848e-02,-1.059594316686629095e-01,7.984128272150183003e-02,-8.660951628258951873e-02,1.437493949193933800e-02,6.260315589980587625e-04,3.673318767946991137e-02,4.538738727820197617e-04,2.031873072496281560e-02,3.945947681277981595e-02,7.861455333839737370e-04,9.629818242162510589e-03,1.854314915642753941e-02,2.688880976525533442e-03,5.037385537798580448e-02,1.439292338571204711e-03,3.081375345565079069e-02,5.621604130528026766e-02,1.488090786763285323e-01,4.172349536808597215e-01,5.080120291798203430e-02,4.909920685110410327e-02,4.429796809951210834e-01,2.486249474945807433e-02,8.158728898266638663e-02,3.919207193156847069e+00,1.038080939913146095e+00,9.829950867703791673e-01,6.283470936033372922e-01,5.354148369901614579e-01,4.221207764417735930e-01,3.508148960264086957e-01,3.237188554475318170e-01,3.835479396793753382e-01,4.170740477770854548e-01,3.092898405811767004e-01,3.662428811130299389e-01,3.533102733604939205e-01,2.404736901011763142e-02,7.628675196281840950e-04,5.076365568727418676e-02,6.171866118762462132e-04,2.934633639211994827e-02,4.554806720706111589e-02,1.414545091352886535e-03,2.001388000171105963e-02,2.336629314013765127e-02,5.764017913612124074e-03,5.321982709479711887e-02,1.782806965380632049e-03,1.176993838138442813e-02
4.515323496027241063e-02,9.373469432223993647e-02,2.925112582821698837e+00,1.188871196652487028e-01,1.669634086420242747e-01,3.272413038216228642e-01,2.516819619433796965e-02,5.795918367346939576e-02,-2.626763533835123710e+01,2.408798340042130448e+00,6.614904507891011809e-02,-6.573713669480089061e-01,-2.769967328708154986e-01,1.361402258278836264e-02,-4.061834503289263407e-04,6.048386386670250026e-02,-1.568635757057718905e-01,5.158789555227940443e-02,-1.714351935328227716e-01,7.460280458580453855e-02,-7.043873588627050375e-02,1.314666245223015083e-02,6.066203813545425517e-04,3.179571890983189097e-02,4.334763327776517024e-04,1.811597184535338953e-02,5.182642681914326893e-02,7.743534217199449666e-04,9.378585762577183738e-03,1.891441191349656561e-02,2.531370397748806782e-03,4.811357120987985736e-02,1.476099865130867583e-03,3.252604446944971917e-02,5.652680643101846980e-02,1.461691888475242784e-01,4.217488234234721967e-01,5.232868023040331690e-02,4.885848762789178623e-02,4.450453454739646819e-01,2.096577847737386008e-02,8.163411437341580590e-02,3.856728667718719805e+00,1.015151460381139348e+00,9.695587724730161394e-01,6.256127866367739987e-01,5.345048013440072410e-01,3.970824197867124372e-01,3.495356720998684108e-01,3.411819491902929324e-01,4.078686945107594108e-01,4.409259005730513103e-01,4.024616282573105219e-01,3.666350830741542111e-01,3.261618582578895142e-01,2.351488528001719966e-02,7.723531996987623377e-04,4.771879288422217757e-02,6.241865463318226536e-04,2.635599056026914286e-02,6.426725524137354151e-02,1.418809870035458217e-03,2.009960919239029212e-02,2.335113610962075842e-02,5.752291668658896136e-03,5.277416529655215571e-02,1.795796369813829193e-03,1.376587866606293446e-02
4.497162315550510409e-02,8.288015608485899133e-02,2.918221401075304478e+00,1.164982612819296659e-01,1.637058218277944732e-01,3.237802841604786597e-01,2.532430981978676943e-02,5.759637188208615449e-02,-2.648635758341281488e+01,2.466362471874593343e+00,1.046814702883811787e-01,-6.451108127456095520e-01,-2.923536277911987780e-01,-8.278389573319109782e-03,3.017937138316592258e-02,1.338801970311584433e-01,-1.363405836173517960e-01,1.194139385018199162e-01,-1.873834305769336572e-01,7.726350210473414970e-02,-1.304900399750469064e-01,1.716175328555191726e-02,6.040730010514470168e-04,3.894145351737108435e-02,4.313275872459852505e-04,1.518994714551163278e-02,4.423959725884319544e-02,7.766188223060824626e-04,9.383488719659844463e-03,1.839331017803402454e-02,2.597856505065955588e-03,4.845252059994096389e-02,1.365338080306058906e-03,3.233064638391316276e-02,5.660816302625278074e-02,1.444385994669953877e-01,4.179790897814011918e-01,5.328385891099911981e-02,5.016440668846657014e-02,4.465208282744170254e-01,2.060085033973808877e-02,8.178997186789765950e-02,3.718324071986039314e+00,1.040340000317136804e+00,9.787618566887316129e-01,6.060027113969327361e-01,5.436336558652449247e-01,3.784104619046795848e-01,3.385070120372844493e-01,3.836950926171434628e-01,3.805390703097083493e-01,3.930926892693241692e-01,4.225440070142849613e-01,3.555537382787522516e-01,3.128064707314299753e-01,2.881347151243879995e-02,7.738132681446095295e-04,5.115276871795662594e-02,6.278588097925962789e-04,2.300781548630306469e-02,6.094265730731989600e-02,1.412854361181251853e-03,2.009034231627206124e-02,2.355244563796172683e-02,5.753034349851158212e-03,5.253322145858131675e-02,1.824412719094796378e-03,1.367689945387658840e-02
4.485811577752554097e-02,7.949664651159393802e-02,2.928234039295520397e+00,1.139890665311317081e-01,1.617414317335044704e-01,3.128538063985459861e-01,2.617449347371468907e-02,5.714285714285714107e-02,-2.670476377765201548e+01,2.530381520225336356e+00,1.639950319480347196e-01,-6.220202833080206162e-01,-2.561243243859901986e-01,-2.594201429405489784e-02,4.491236048137240561e-02,1.419893623754800993e-01,-1.341223402513545826e-01,1.162478229757942516e-01,-2.028551473781744496e-01,7.442368987205086328e-02,-1.005564487752747954e-01,1.566058385852040630e-02,5.499316872974284193e-04,3.607400123453692597e-02,4.189549073728676253e-04,1.513718109230403550e-02,4.386844546495113212e-02,7.511881279259038837e-04,9.316582821611974971e-03,1.849220674483001078e-02,2.576483843134014066e-03,5.438122378284628716e-02,1.330636054885233135e-03,3.288779287524272454e-02,5.672246132932552698e-02,1.451101071324951142e-01,4.120095593079033391e-01,5.296892978955005521e-02,4.915085190265102572e-02,4.490088448698784651e-01,2.136393395250746341e-02,8.201221910582001673e-02,3.692289953945499636e+00,1.051051564295773844e+00,1.052940380351234273e+00,6.285111374857137445e-01,5.429826304524930647e-01,3.920335485722170610e-01,3.169352603891734121e-01,4.015207728801663545e-01,3.689885376182178711e-01,3.870437316453889665e-01,4.184264425915949492e-01,3.567259504473644371e-01,2.877774568207784878e-01,2.840112916839079155e-02,7.721975612044418248e-04,4.715402510673658704e-02,6.319509358259107340e-04,2.303314238968634867e-02,6.103627713974150992e-02,1.420929467627785048e-03,2.011862582782227016e-02,2.344537320737356476e-02,5.760930260111991885e-03,5.849742591843757472e-02,1.840932638898654669e-03,1.395965558453415162e-02
3.904653802497162762e-02,8.404251805794746288e-02,2.951878743358261836e+00,1.130143727944490500e-01,1.663306412197312067e-01,2.428133793948055730e-01,2.768579086973230186e-02,4.811791383219955059e-02,-2.622534190975962787e+01,2.652670542316938995e+00,1.709270286334380884e-01,-5.663764398324864224e-01,-2.719811000180985538e-01,-8.249409238341960660e-02,6.622813897245122261e-02,1.328536750033068314e-01,-1.555385522402906173e-01,5.563779688502678428e-02,-2.680343872337674904e-01,1.280512876192876426e-03,-1.268533133511242916e-01,1.548241624054424309e-02,5.106873630603959947e-04,4.313625926857454773e-02,3.630702972101659343e-04,1.516363262305022927e-02,4.806986005675721596e-02,5.256096511251118512e-04,7.637916530116283138e-03,1.782366009594845563e-02,1.961104722596263179e-03,5.302136043367698670e-02,1.001427262956100950e-03,3.523726161943557811e-02,5.572322160416087050e-02,1.436878030699126341e-01,4.010063144056660311e-01,5.264419803318691471e-02,5.002087645007073646e-02,3.749803912497197689e-01,2.139366215978894328e-02,7.677575920949632204e-02,3.449411955945056896e+00,9.532529533500473384e-01,1.050538629391210232e+00,6.213029774101542779e-01,5.391408493378289091e-01,3.833271095459718225e-01,3.144490451246423901e-01,3.895183749666221162e-01,3.753614547456503026e-01,3.982322219250879480e-01,4.039859205946625398e-01,3.311779295489923891e-01,2.794296684544424481e-01,2.847861204061078247e-02,7.568577997866031502e-04,5.312420596674380380e-02,6.037233213968213946e-04,2.307124244216832848e-02,6.586756107446435637e-02,9.975439497566438145e-04,1.852260729803166181e-02,2.358019817350093597e-02,5.022293678188524159e-03,6.064713996503893340e-02,1.437591143444041800e-03,1.406261558229539299e-02
3.611804767309875069e-02,7.868177032278589333e-02,2.969168735235053980e+00,1.145502689117331163e-01,1.697747935979948830e-01,2.362263993040267795e-01,2.663530328498762284e-02,4.544217687074829370e-02,-2.623922764733203294e+01,2.736508831493487559e+00,3.042149622454013991e-01,-5.850145394347534555e-01,-1.831614657847194516e-01,-1.254784088177961221e-01,6.462595267901255491e-02,1.205893405476048813e-01,-1.905124732694702117e-01,1.822596034572285598e-02,-3.572958470591167113e-01,-3.966605247936465933e-02,-1.109260987809301408e-01,1.186780807130043483e-02,4.509190333996454460e-04,4.697648661530249431e-02,2.451000844809129281e-04,1.414747248113379548e-02,5.641287992434265014e-02,4.551158179914736239e-04,6.434903299686858293e-03,1.748749983850313508e-02,1.790842605546743346e-03,5.111473400253054022e-02,9.712548653372437635e-04,3.693313134210497034e-02,5.437308610648405871e-02,1.397184765274699925e-01,3.797341709366020557e-01,5.217769456891739599e-02,4.846345552681995128e-02,3.336056257325801799e-01,2.264559393111120408e-02,7.166531690770837348e-02,3.230482168402652121e+00,8.809761159618829662e-01,1.114890361328004342e+00,6.784101802103631451e-01,5.677233583731114974e-01,4.194880553993087791e-01,3.452528793490884373e-01,3.853450151021180492e-01,3.795909745389340895e-01,4.117230491166899431e-01,4.349379462471972269e-01,3.617368043209990280e-01,2.647075966158796145e-01,2.173770900795330904e-02,7.060938396934077731e-04,5.704154281520534137e-02,2.403701942999457658e-04,2.257037675201512342e-02,6.990473462260070325e-02,7.971688733699578517e-04,1.811736953608225620e-02,2.369739878954396639e-02,4.735904543640077381e-03,6.092933440671925022e-02,1.430195468308663757e-03,1.381163827956109758e-02
3.477866061293984068e-02,9.162996688828832503e-02,3.013310453322880722e+00,1.141867866387429875e-01,1.718712749910593640e-01,2.184498926191460189e-01,2.914070755412504279e-02,4.340136054421769862e-02,-2.602503483027912878e+01,2.746113057544692371e+00,3.385127773449776445e-01,-5.347193508170130505e-01,-2.023561149252346147e-01,-1.606626713516156046e-01,2.177912355229095001e-02,7.019032834669899912e-02,-1.755882169161618878e-01,2.259238802250651545e-02,-3.294951950752713077e-01,-5.413355651527993612e-02,-1.204710159302720546e-01,1.211234119500914641e-02,4.338089186196828081e-04,4.751428051554354437e-02,2.353749706160319650e-04,1.335851610237108467e-02,5.597618880075010128e-02,3.497736374384063126e-04,6.259836719282942628e-03,1.756974796835594765e-02,1.789175961343864810e-03,5.210243498234698456e-02,9.206030851375447818e-04,3.736807920992192555e-02,5.445504362538239329e-02,1.420671190438340392e-01,3.738563744148959977e-01,5.065043900449608949e-02,4.522501539394014475e-02,3.292944343426039144e-01,2.423144075853869012e-02,7.114114144471639367e-02,3.291218059705296461e+00,8.411340679356088534e-01,1.122498904414975351e+00,6.836348431023205885e-01,5.616715904441940133e-01,4.207711704907252104e-01,3.942169304481799030e-01,3.598831507640297689e-01,3.833147414415223331e-01,4.133542941792795467e-01,4.503566050880390970e-01,3.521865146369098087e-01,2.583946378973256963e-01,2.164254507936853172e-02,7.089108367877844505e-04,5.727834578337018256e-02,2.383904067853950272e-04,2.224124293940486080e-02,7.001113114534381066e-02,6.299612755322399902e-04,1.814931702876939473e-02,2.475130038392567636e-02,4.735225797014981815e-03,6.268446920657312627e-02,1.423073098892312484e-03,1.376477639250008045e-02
2.034052213393870712e-02,1.046415135467979596e-01,3.024399914307950965e+00,1.026511331298870094e-01,1.727775030799643396e-01,1.364720620599816914e-01,2.842121644522359325e-02,2.598639455782313090e-02,-2.531889459099406281e+01,2.887745213526812904e+00,2.709250302525123555e-01,-5.796529718218351723e-01,-2.776093733881361270e-01,-1.744874883489831718e-01,-1.298033025615237188e-02,7.476999747707639699e-02,-1.936155664692618683e-01,-1.333839370474476584e-04,-3.563801494401370729e-01,-4.116443148454462103e-02,-7.927195746018948774e-02,1.195918065491191444e-02,4.451435386696563014e-04,4.763594256602089044e-02,2.187180150970144746e-04,1.585413554708204123e-02,5.360117795718546269e-02,3.136946616496100963e-04,6.229221421264463480e-03,1.972827264626805105e-02,1.786240752520369722e-03,5.998589675908567315e-02,7.752443766586865738e-04,3.957483311960550282e-02,1.328538764253820066e-02,1.453390564546265251e-01,3.756089212878460093e-01,3.542439207328310774e-02,4.491487162894455126e-02,1.365984216275956398e-01,2.282900808718228355e-02,1.935403042079170827e-02,2.581735978952737653e+00,7.320936206118182632e-01,1.095928003965966679e+00,6.352942884765179210e-01,5.363184079910264801e-01,4.102767125177703145e-01,3.951273407674144589e-01,3.465079449651889409e-01,3.529253943431132079e-01,4.027832923633043460e-01,4.376571293072710755e-01,3.610657455883047318e-01,2.817587421510089896e-01,2.168110773000546734e-02,7.179065725384189446e-04,5.718994757405623103e-02,2.102453574095313230e-04,2.489406140513623564e-02,7.024149220557295015e-02,6.310090261007978221e-04,1.815873987139326323e-02,2.527159195005682438e-02,4.741494134254479673e-03,6.657651730010034907e-02,1.298349850138460354e-03,1.114630726575099526e-02
3.328036322360953397e-02,9.611558227919667075e-02,3.087210210787718623e+00,1.086335112810719178e-01,1.639928229844530294e-01,1.909673388965701657e-01,2.980720516170380988e-02,4.226757369614512344e-02,-2.606106108171675118e+01,2.797437139736722589e+00,4.236766786357490377e-01,-5.699634992600486338e-01,-1.406938229075297697e-01,-1.410832427230347963e-01,-1.500170632410702213e-05,7.964714437784015111e-02,-1.780913412020344311e-01,3.827635979370261343e-02,-3.582576152250828705e-01,-6.083359761588346543e-02,-8.278238376242380570e-02,1.064062208172741192e-02,4.982947301818843946e-04,4.548313934214411741e-02,2.135971993554878958e-04,1.278484730102644878e-02,5.357453522643199073e-02,3.833238616807434977e-04,6.356772762802453264e-03,1.881928631143239133e-02,1.900048634043781989e-03,5.805724483833635263e-02,9.155230041868507454e-04,3.896559377694545218e-02,5.616376260813313315e-02,1.465036778620535385e-01,2.132412876281240821e-01,5.063535653571293177e-02,4.525494912016873872e-02,2.575883917717790017e-01,2.331637605310580771e-02,6.859440040415094864e-02,3.260439298196431412e+00,8.813476535665502043e-01,1.206069478130917805e+00,6.479668576655275292e-01,6.288798322017422615e-01,3.995950140549058283e-01,4.000685396870583554e-01,3.530424925958653981e-01,3.789226995735379688e-01,4.258066367493928972e-01,4.372665287763561337e-01,3.469689867566726482e-01,2.854373883991993543e-01,2.166989216596036660e-02,7.688884301929436744e-04,5.822493020615075038e-02,2.417418289002465522e-04,2.269601103758452088e-02,7.025634709354927621e-02,6.817321338277331812e-04,1.818911741474790386e-02,2.564072329783781412e-02,4.774010187595619133e-03,7.151565903537564217e-02,1.572627365425025361e-03,1.404589487260785377e-02
4.535754824063564783e-02,1.126652627155653313e-01,3.128418965162682586e+00,1.150469198618852412e-01,1.599456144910541278e-01,2.334290948781156394e-01,2.924240940561208604e-02,5.782312925170068896e-02,-2.600394309640389068e+01,2.819002102492039974e+00,6.027323474625246869e-01,-5.021686202544385358e-01,-1.014579718534830144e-01,-1.416221571216059738e-01,-2.850376545457027067e-02,7.875098053748411098e-02,-1.722970334835851325e-01,4.243570996162096716e-03,-3.625167143530322322e-01,-7.492920734029723251e-02,-8.661851245924503950e-02,9.472283213889678283e-03,4.884708037224450060e-04,4.492503899691938779e-02,2.039611341221001526e-04,1.605697503324544570e-02,5.247249527907732469e-02,3.042702176002922624e-04,3.881833859716811528e-03,1.478557305516768443e-02,1.609725364853279101e-03,5.814973403426791643e-02,7.246695173117824375e-04,3.865305721649206494e-02,7.510619808202095848e-02,1.618077540538752634e-01,1.497359534782331247e-01,6.112080601351234377e-02,4.593776671331388506e-02,3.164872665148543707e-01,2.395314181096858813e-02,9.318182944039142546e-02,3.490321847399608046e+00,9.192025069802660653e-01,1.029231446136689376e+00,6.192002296295755492e-01,6.451448274680109396e-01,3.943672573517945645e-01,3.739158576862255390e-01,3.619824523933871108e-01,3.829741996200308751e-01,4.071503062984342391e-01,4.422778631316005571e-01,3.268736418840019753e-01,2.806075419432956242e-01,2.108532542707214005e-02,8.050438892835441252e-04,5.836819351381575260e-02,2.296665370348895737e-04,3.168235961034836928e-02,7.044077728755390733e-02,4.416811784783233495e-04,1.599562703626067686e-02,2.142833135465228855e-02,2.500847455721601567e-03,7.155907003835719482e-02,1.218386679626883972e-03,1.513153896840633943e-02
4.569807037457435106e-02,1.308384053637735300e-01,3.139919636051368812e+00,1.129638260307390257e-01,1.535808315982985783e-01,2.362979101054135944e-01,3.046142568806607664e-02,5.868480725623582278e-02,-2.588944955364164358e+01,2.740959629203962855e+00,5.650089400716834520e-01,-5.109229570051234681e-01,-8.158250401123811821e-03,-3.509073549519674262e-02,-8.392049977319286647e-02,8.524459836976631955e-02,-1.761642476129224866e-01,-3.303443969275502573e-02,-3.431721634926260256e-01,-4.288276654613618760e-02,-8.069630247773079690e-02,8.888357660543980132e-03,1.145527586201223113e-03,3.923961614290420036e-02,3.793300112096442038e-04,1.518891123159893386e-02,5.170848616543399778e-02,2.869044605105813719e-04,4.885698795578384372e-03,1.749086204391276170e-02,3.879389651706187728e-03,5.828300011467520830e-02,1.048881712951796981e-03,3.837796525066530101e-02,7.501311275661856626e-02,1.919250932366987905e-01,1.524453857172781701e-01,6.195399365294539107e-02,4.864165864073541345e-02,3.150132541884895776e-01,2.337088498563661201e-02,9.292254721516983451e-02,3.625361910443325897e+00,9.739054734140091263e-01,1.081592334744315487e+00,6.211466301423285152e-01,5.637017135531956491e-01,4.851677968665947249e-01,3.560995556296490117e-01,3.695905656217781665e-01,3.838103812781732960e-01,3.988912996056023785e-01,4.454557593378500324e-01,3.255884677847406539e-01,3.165697785069492287e-01,2.060040243423925596e-02,4.195751226542400458e-03,5.330935813846973681e-02,9.307220252087826905e-04,3.101546570059447380e-02,7.002400927064870995e-02,4.334812257837558874e-04,2.158688379319699535e-02,2.986542670155589718e-02,1.610435337408437639e-02,7.147146844583496250e-02,2.580084593612462854e-03,1.520716384506731744e-02
5.164585698070374431e-02,1.297337458597971338e-01,3.121626983117409271e+00,1.196361987989284226e-01,1.563838775564965755e-01,2.991057608083613206e-01,3.055578015593663280e-02,7.015873015873015650e-02,-2.609467706054353897e+01,2.663770808482342822e+00,5.162805565825457910e-01,-5.710359810458676133e-01,8.676027024931221021e-02,-1.800087704845481501e-02,-4.806485025527072047e-02,1.747667755821038227e-01,-7.207976577278862873e-02,8.359284830271843103e-02,-2.428249993661581452e-01,-2.024935977002163476e-02,-7.375299136938404110e-02,1.082721341915926505e-02,1.465676594220116430e-03,4.162425472105049651e-02,4.268637551182492699e-04,1.462768282237991713e-02,3.529644549826751326e-02,3.638945302218506606e-04,6.260157850327030711e-03,1.796814999736244881e-02,4.249797681993553247e-03,6.273562924919269534e-02,1.409325851712061239e-03,3.493212286096741143e-02,7.639990968970435115e-02,1.936646791091987396e-01,1.605307205499285628e-01,6.063088615665799402e-02,4.637146161047033671e-02,3.869905934675680892e-01,2.336199270399674788e-02,1.021298779889305702e-01,3.812794527629196573e+00,9.740312793303664840e-01,1.138374067820778990e+00,6.362676086959826449e-01,5.558914139394933729e-01,4.962490115180290817e-01,3.702336988710590582e-01,3.532873241573172840e-01,3.536397740079934571e-01,4.029124673599108752e-01,4.019279177734222941e-01,3.228732054954862596e-01,3.276092114445560144e-01,2.124818143767515100e-02,4.338074287395039114e-03,5.284643324974689499e-02,9.370771989749532944e-04,3.103845583398249716e-02,4.995644125036790423e-02,5.123374203975372817e-04,2.203942348579567001e-02,2.968519175371722024e-02,1.609960410003552847e-02,7.039358520036194389e-02,2.887614573677355339e-03,1.519076486162027582e-02
5.393870601589102753e-02,1.266145518985853924e-01,3.058382127290093067e+00,1.208929321254774841e-01,1.551516904683994391e-01,3.149156329546260458e-01,3.108790340950425002e-02,7.464852607709750176e-02,-2.667512383393153996e+01,2.575583531078972310e+00,3.888995208333637654e-01,-4.842898016818220075e-01,1.161974316255827977e-01,-1.841732101703175237e-04,-1.614006633108907435e-02,1.242228696646385938e-01,-1.507676470290264519e-05,9.424143808977283876e-02,-1.867913632220616627e-01,1.045313760076325808e-02,-2.938790768715551782e-02,8.061171089654180569e-03,1.533103891191777779e-03,3.366415922460787996e-02,5.808855633636761905e-04,1.461583741177810078e-02,3.351728168617256615e-02,3.905926705729361446e-04,6.561516741869020952e-03,1.880860454555293229e-02,4.679790059066107552e-03,7.125411909475400096e-02,2.025528013997671042e-03,3.394884804880225065e-02,7.626960669402089998e-02,1.953923251600549471e-01,3.166034259372685900e-01,6.026408102066694444e-02,4.711642653680935683e-02,3.946323409999383802e-01,2.329981691570021801e-02,1.019952934484937568e-01,4.320492556227055303e+00,1.092345293211292701e+00,1.194598996539505853e+00,6.376653721368588101e-01,5.404861522068261648e-01,4.998656862877258189e-01,3.998233375186817651e-01,3.244035044196239004e-01,3.404278875656087111e-01,4.104542032169806731e-01,3.934720913521696506e-01,3.411150930798459435e-01,2.950559690785803379e-01,1.168053225091196870e-02,4.337573107106927443e-03,4.791988915311744951e-02,1.306097872000397224e-03,3.081545323317652976e-02,4.808906481035984254e-02,6.097738440688538512e-04,2.204183259505830203e-02,2.939142535076672350e-02,1.616564841044503334e-02,7.114111513697646272e-02,3.820183364320237605e-03,1.610596461350555578e-02
5.316685584562997474e-02,1.302181951948356842e-01,3.040692983100433899e+00,1.180152749159108921e-01,1.542612221355414981e-01,3.000257828419286565e-01,3.247259237216204575e-02,7.487528344671201541e-02,-2.674505171977560281e+01,2.674320618545642070e+00,2.721640979622551026e-01,-4.615627310195408728e-01,6.616880127262506073e-02,5.099252031824556830e-02,7.217725053692797960e-03,1.192682704762803442e-01,1.416052035767164860e-02,7.879901156712756927e-02,-2.091218603527583431e-01,9.010768349063282348e-03,-4.340229810807918337e-02,8.518088239386252189e-03,1.528015891912228291e-03,3.166882290993285748e-02,5.734304089185663159e-04,1.506542479245202501e-02,3.740184617468574058e-02,3.815570335696858014e-04,6.655175695455995896e-03,2.081339470516109513e-02,4.679647475264294386e-03,6.644490093974958489e-02,2.035096480298885426e-03,3.283089184609357114e-02,7.658926120937417648e-02,1.946849530472017642e-01,3.278475170914723069e-01,6.199769671528033987e-02,4.611804867395211810e-02,4.015988707209181552e-01,2.239192791013810621e-02,1.018698391206114690e-01,4.432925844135532145e+00,1.189840340591822976e+00,1.105714506698750155e+00,6.292485340086871881e-01,5.804447946155444349e-01,4.861003775669098248e-01,4.062048727622342148e-01,3.022918449768793314e-01,3.442070044174741494e-01,4.061137666714877414e-01,4.024305061516438298e-01,3.389178436058652988e-01,3.011973525419877618e-01,1.194656452206132105e-02,4.339197402996806431e-03,4.561420544535529920e-02,1.308595365577163881e-03,3.071561663999339969e-02,5.011944673659413096e-02,6.128135709311090598e-04,2.201873743856022289e-02,3.067279452643799365e-02,1.616566304583669927e-02,6.572732766787535430e-02,3.815713895127349504e-03,1.556857815154223841e-02
6.422247446083995115e-02,1.255828120806349590e-01,3.023278001400128812e+00,1.217452013111422066e-01,1.492880361271742007e-01,3.919788716313177268e-01,3.039721852895974769e-02,9.501133786848071916e-02,-2.739240294345214721e+01,2.601572700990557152e+00,1.956964295921772290e-01,-5.063651209808383014e-01,9.127061442777475997e-02,6.151100216869392900e-02,-1.178646284377720191e-02,1.685608560880694773e-01,5.514190272334579951e-02,1.430178450709255478e-01,-2.304712472187074590e-01,5.153343134911986950e-02,-3.264210235366229312e-02,9.372165070312835425e-03,1.838739246703255739e-03,2.772523156031381567e-02,6.508453059480417968e-04,1.532282509266805030e-02,3.356776984323486812e-02,6.068474474154422456e-04,7.008751857947035160e-03,2.134040054917750798e-02,5.118808234665119666e-03,6.264898773315139002e-02,2.288246472117188082e-03,2.964607755383820778e-02,8.047956141791298701e-02,1.968615873709034514e-01,3.411453956405500754e-01,6.317411124555097346e-02,4.410077267464194289e-02,4.832941353276326568e-01,2.277213254503265491e-02,1.120642629074231483e-01,4.758379859630387898e+00,1.214814566639184745e+00,1.092476076688614572e+00,6.250730334127846399e-01,5.792367038974415294e-01,4.852959077424518486e-01,4.091500984655458972e-01,3.244973575680696887e-01,3.326444783259320248e-01,4.050281669430580433e-01,4.024466174138612851e-01,3.435616493381776770e-01,3.112138093267625139e-01,1.193646496495373924e-02,4.504010489387389252e-03,3.910442771167492448e-02,1.319464847991604246e-03,3.059055511612465000e-02,4.239873561762582538e-02,1.128812383477876711e-03,2.197036066861321121e-02,3.045594026104889163e-02,1.615357952517458909e-02,6.083330835562834188e-02,3.843355234233425746e-03,1.501324402139085808e-02
6.503972758229284445e-02,1.430096840163975203e-01,3.014486654711550528e+00,1.179840088005384702e-01,1.444702602813738579e-01,3.774415743310312044e-01,3.091704400682526374e-02,9.374149659863947881e-02,-2.710284296109222524e+01,2.537437469400690038e+00,3.072530570977627384e-02,-5.192455860080212870e-01,5.457356545540404096e-04,1.269977919857469550e-01,-9.437107925258348372e-04,1.383129720375878835e-01,9.906210844123071457e-02,1.445305871531832043e-01,-1.548995112482337011e-01,8.814257229149381756e-02,-4.967813366189923613e-02,8.923674277561121151e-03,1.924513559994240524e-03,2.582786951034291706e-02,7.826594165823778622e-04,1.753608066467463728e-02,2.525036215556422659e-02,5.664109318168094155e-04,9.947518272537453354e-03,2.294786468755212472e-02,5.584398350902981117e-03,6.290868360444741569e-02,2.298670388113563043e-03,2.834412445074711850e-02,8.009029434539001457e-02,2.014942907191383525e-01,3.437472990610872525e-01,6.236310954356630992e-02,4.264107664164826228e-02,4.874465973104662453e-01,2.079623061556605881e-02,1.124063613412565193e-01,4.940289780898266869e+00,1.232705420565072929e+00,1.035382360242544486e+00,6.134330335228235231e-01,6.001083168951170110e-01,4.389059098859295349e-01,3.851489959744403002e-01,3.326747100643015487e-01,3.017215562161736919e-01,4.014356926546666648e-01,3.489862001316954010e-01,3.051661902142924765e-01,3.353828625765428173e-01,9.780729686519558375e-03,4.492927794425794971e-03,3.406247759347206389e-02,1.533548241565043605e-03,3.195612489032167297e-02,2.935016643175831011e-02,1.111803478076448621e-03,2.840523368212597224e-02,3.114561198486723997e-02,1.622736229907800407e-02,6.065136993543009114e-02,3.844402444916905637e-03,1.421754541716249189e-02
6.569807037457434107e-02,1.280827492976434334e-01,2.978722172897854126e+00,1.219305966943059483e-01,1.470366880716401092e-01,4.039792261565534615e-01,2.791202061406828847e-02,9.596371882086167371e-02,-2.748871711696226328e+01,2.468124960597913198e+00,2.089277714184924889e-02,-5.391007427905339933e-01,4.766468904634459797e-02,1.726633962614036177e-01,3.786425623535910612e-02,1.289470579250850402e-01,5.989893995231722335e-02,1.085651664943602240e-01,-1.846677957770895551e-01,7.597028062675752202e-02,-5.335219845358461777e-02,8.830832707652235686e-03,2.007435791845206714e-03,3.254845973500041650e-02,8.296488104203991873e-04,1.677870431181713654e-02,3.181231253950418669e-02,6.916969826982218407e-04,1.023180827334532923e-02,1.895483611833023718e-02,5.691248447002077160e-03,5.472312918552445921e-02,2.362388687612749713e-03,2.800917390576450339e-02,7.986682397500410868e-02,2.042245225205586157e-01,3.502711074506211220e-01,6.161010814546597630e-02,4.587079028172914852e-02,4.859553987405020314e-01,1.950754923578273958e-02,1.118163927262150331e-01,4.828883434328915314e+00,1.201896775391047445e+00,1.037581741690333015e+00,6.471666444095288684e-01,5.972157983137675874e-01,4.170268914301761276e-01,3.433689629838065915e-01,3.329999209469483579e-01,3.399302391300846882e-01,3.918168662973350869e-01,3.432026759513559511e-01,3.018006607187366797e-01,3.326434516687849507e-01,9.875413526005747192e-03,4.488470770381023343e-03,4.067242882913453539e-02,1.535731417382836441e-03,3.197873548467313615e-02,3.295623515685178889e-02,1.256478716008289443e-03,2.833403651325426195e-02,2.763581268870454397e-02,1.619810476139060471e-02,5.768912315464801849e-02,3.816256931891298578e-03,1.411233161376274081e-02
6.533484676503972799e-02,1.148477464212976362e-01,2.927037301036272687e+00,1.229317729622917410e-01,1.491248697496175557e-01,4.025582796216666259e-01,2.756897765119775343e-02,9.541950113378684650e-02,-2.862611131778460560e+01,2.476850824835759468e+00,2.711430607319884056e-02,-5.257147569129871911e-01,8.474438410458620674e-02,1.865065262229796961e-01,7.893155030390922033e-02,1.227714455589519471e-01,5.621991391765011198e-02,1.138964763676877795e-01,-1.682624597401024547e-01,5.882428262672288050e-02,-6.482832944299633804e-02,9.108255010928757028e-03,1.987597981869110558e-03,3.480759588595298132e-02,8.232462191041632236e-04,1.462423619060047864e-02,4.204332683723958908e-02,6.957176469282202970e-04,1.020553767401268311e-02,1.625117265414653678e-02,5.683418851783713852e-03,5.081269154327550802e-02,2.351789160046659048e-03,2.846165101554356050e-02,8.009251750328630348e-02,2.035365911908895986e-01,3.755758647534165884e-01,6.105538521541353097e-02,4.746518190573014578e-02,4.868383732373575690e-01,1.976624123989203716e-02,1.122115344721333063e-01,5.427973802535180248e+00,1.192650927123662274e+00,1.035958618103407058e+00,6.585948954400207001e-01,5.710415769071942593e-01,4.133894130013418544e-01,3.333578239809951160e-01,3.331992432291673301e-01,3.429893355450222558e-01,3.915845634625204075e-01,3.363864299300693417e-01,2.918956962853771486e-01,3.126194783225625384e-01,9.856022037739827629e-03,4.494426504213214733e-03,4.080095637932940056e-02,1.537960070626213970e-03,2.992644985687125531e-02,4.174040185763690236e-02,1.255068447840679063e-03,2.834196435191564320e-02,2.682627583111646397e-02,1.619873311134778157e-02,5.706468535971100792e-02,3.822234214381259581e-03,1.495258382253097755e-02
5.650397275822927751e-02,1.144834680008809946e-01,2.894861884245887751e+00,1.158621201651976601e-01,1.516869508616633389e-01,3.773146257814551929e-01,2.669209009049627185e-02,8.535147392290250157e-02,-2.884257064433688811e+01,2.343942022926000401e+00,-2.971163590122270493e-01,-4.552675332927542118e-01,-8.302539017358596951e-02,2.832062114758173155e-01,2.801908721972031641e-02,1.543056132736251862e-01,9.079081452625920035e-02,1.056321269420240350e-01,-1.482270976746727642e-01,1.060389371370922679e-02,-3.887877914681135694e-02,1.094124934005507623e-02,4.118626004606479492e-03,3.585208912527509950e-02,1.009446817121746132e-03,1.563046695650886081e-02,4.127006695313999163e-02,7.438440623414454981e-04,1.031655075661479064e-02,1.618249302795433942e-02,6.200446111583903658e-03,5.089452303387619753e-02,3.304325070301045251e-03,2.857665430750187113e-02,6.509518586904938786e-02,2.037338993858772429e-01,3.911512592502106589e-01,5.046948548848877864e-02,4.825036157318895319e-02,4.633680275590599806e-01,1.914745398540611265e-02,9.916093291495439721e-02,5.606640650478734500e+00,1.241922213539998543e+00,9.397533398923465509e-01,7.262893219585225824e-01,5.582031341345971009e-01,4.583857099691447390e-01,3.580780712928510190e-01,3.362443347320369647e-01,3.866888809821936723e-01,3.801460904808812713e-01,3.635967816191064683e-01,3.228000081834698221e-01,3.189399316099681414e-01,1.065828547377450919e-02,8.627644742672007511e-03,4.039998453143373025e-02,1.699457965921678283e-03,2.972203150068808419e-02,4.165630884027846786e-02,1.276839124237327556e-03,2.829920399901748873e-02,2.673952896517625341e-02,1.625273580457237826e-02,5.799966310496083854e-02,5.299680338271131781e-03,1.505517883403054320e-02
4.640181611804766737e-02,9.619688227072911713e-02,2.899952568575228540e+00,1.094146147600058988e-01,1.549131615983363464e-01,3.514301375762879376e-01,2.552904676324152522e-02,7.201814058956915177e-02,-2.982896640145330025e+01,2.383491433678674110e+00,-3.111225118970619707e-01,-3.841983627766846765e-01,-1.312138245292013561e-01,3.494824786300130826e-01,-9.728545896900175557e-03,2.323142696728910661e-01,1.298078602441451179e-01,1.120043164323544921e-01,-1.250652928964836874e-01,-1.189294489581077356e-02,-2.737637995510017533e-02,1.219519439733792940e-02,4.178700516765283812e-03,3.552508007707424337e-02,1.055823616856862036e-03,1.148299605516878326e-02,4.054315759870724678e-02,7.432473263050230891e-04,1.033359340718077377e-02,1.550495219735218387e-02,5.748609167153116012e-03,6.862746349075775354e-02,3.423246740905751696e-03,3.189559469849226336e-02,4.557212523246208929e-02,1.925294545374836297e-01,3.837672184584898782e-01,3.599201745987201662e-02,4.697362518595967623e-02,4.446266538781779576e-01,1.897418204905949521e-02,8.368982627457449697e-02,5.891198729173707349e+00,1.186410448076904434e+00,8.792120665790528200e-01,7.649693505199843813e-01,5.312256418181261486e-01,4.981815248631989990e-01,3.618628587195176771e-01,3.546561823269747671e-01,3.856420166785198833e-01,3.686942911578736659e-01,3.565953701996739666e-01,3.168139096356507589e-01,3.141070761883866802e-01,1.122421138673762760e-02,8.610376426659106797e-03,4.024610766291689123e-02,1.709388545434231688e-03,1.816701014745072257e-02,4.164326388587323569e-02,1.276322170293070100e-03,2.830239116379453315e-02,2.677526653822880076e-02,1.628259397664923863e-02,7.325690678209439977e-02,5.272456918642194450e-03,1.662579523319800828e-02
4.528944381384790441e-02,3.551756893945255678e-02,2.860412808306536991e+00,1.120859990524042671e-01,1.637036818922025239e-01,3.480114869246150322e-01,2.115475709688856287e-02,6.956916099773242934e-02,-3.170279847424402320e+01,2.516789586527338862e+00,-1.478160445274531998e-01,-2.304637570408223368e-01,-1.154542627184726028e-01,2.380613880820708905e-01,3.780455315841267649e-02,2.578462379263609106e-01,1.440916486071101565e-01,1.651183707571931558e-01,-1.272107483372405812e-01,-1.735082100620535805e-02,-1.340538362627287025e-02,1.180722252276776400e-02,3.446476873390865673e-03,3.502475813419970996e-02,8.814798199310458103e-04,9.343490242504770907e-03,3.992790594019497707e-02,7.462522925378956918e-04,6.833258960222680055e-03,1.124040119966941698e-02,3.226557230151408471e-03,9.439338846977250730e-02,3.006366233173370268e-03,3.557025521224421033e-02,4.619192474279060212e-02,8.462609602583433255e-02,3.607808538319228764e-01,3.452976645194774652e-02,4.431919215732377931e-02,4.467750045722705954e-01,1.485144102636669350e-02,8.510798294495443284e-02,5.795592242246486947e+00,1.166792376895016803e+00,8.128484359184207086e-01,8.286978143951717612e-01,5.429722232755445077e-01,4.554100729296129968e-01,3.498069325124252282e-01,3.589248095842184627e-01,3.752235149862596653e-01,3.390120271330699375e-01,3.534142316572742026e-01,2.907784890209071937e-01,2.817607308004915767e-01,1.130394284282993170e-02,7.846085428437057571e-03,4.046295393873987345e-02,1.530530042772673422e-03,1.285783184246429983e-02,3.957787545164474785e-02,1.274686559666623727e-03,1.942822027132718593e-02,1.558480609354086048e-02,4.541867118682218346e-03,9.057749645615567613e-02,4.931518753793888606e-03,2.066386280485089585e-02
3.904653802497162762e-02,3.150729202157738496e-02,2.851950518147814861e+00,1.066857201124432331e-01,1.630075443191117412e-01,2.878082197920226459e-01,2.028211886622918736e-02,5.709750566893423418e-02,-3.287576782828487865e+01,2.574525791652451989e+00,-6.393122303498290082e-02,-4.577578025710431209e-02,-1.333738192235011666e-01,1.369335346466642733e-01,1.573395573259271998e-02,2.105204319937611923e-01,1.032476045061124365e-01,1.676428017939808612e-01,-1.615433165125412518e-01,6.961211356328333728e-04,-2.044530480601547352e-04,9.983458325862080984e-03,3.126650714314565746e-03,3.261769385292416501e-02,8.447326801352461395e-04,8.507153984877105155e-03,4.163174852860734854e-02,6.842621727569345603e-04,5.357898016368984120e-03,1.009877310920775234e-02,2.839592428293592589e-03,1.124000488039232498e-01,2.563031683581172473e-03,4.002347811960655505e-02,4.319011665093838714e-02,8.206491065332248425e-02,3.591323234166693967e-01,3.294256967322119894e-02,4.414179088803170392e-02,3.922609837186744053e-01,1.455413011101250667e-02,7.426667696337084512e-02,6.090595754180055721e+00,1.154895874493383712e+00,7.788955719738298589e-01,8.528375441561043546e-01,5.311762022493825564e-01,5.497640697343981753e-01,3.486980236802803557e-01,3.507813882659311933e-01,3.794785399901183798e-01,3.287452870634534619e-01,3.445442632495536173e-01,2.977288775377263108e-01,2.757594749341176765e-01,1.012531932087230337e-02,7.849317083835077521e-03,4.073579539193467741e-02,1.536375630677044640e-03,1.289511443370400592e-02,4.011329151397068776e-02,1.262047384958469697e-03,1.897415001628741452e-02,1.564650315957667737e-02,4.482742244412724064e-03,9.760287225122248056e-02,4.896637268762736583e-03,2.161695604213358102e-02
3.589103291713961058e-02,3.093937774152753437e-02,2.889504387250372730e+00,1.056648094552378042e-01,1.669391467118397920e-01,2.595112542200896932e-01,1.925942099882433853e-02,5.133786848072562081e-02,-3.371765739557505981e+01,2.653690680999815310e+00,7.276387930307802628e-03,8.767388013866611596e-02,-6.305211785414538417e-02,1.080564459047830550e-01,-4.658551593509166477e-02,1.808234009836152123e-01,7.519731781339640542e-02,1.762658385040878906e-01,-1.765847505630124270e-01,-9.164026420097502387e-03,2.297320987836310238e-02,8.502078342818965642e-03,3.044760591767919477e-03,3.143174327216406716e-02,6.809220820550292586e-04,7.628054785729423797e-03,4.118785385365072299e-02,6.191604011227366984e-04,4.764978122187236466e-03,9.202004947449956770e-03,2.328835331520503343e-03,1.299309510164941561e-01,1.969722193819821877e-03,4.469892984336141378e-02,4.301009488327536129e-02,8.218765177209248762e-02,2.766105668707127263e-01,3.292487946050713654e-02,4.130255671731806327e-02,3.886112303432942561e-01,1.376620885813119831e-02,7.404211135729393822e-02,6.228447595984127894e+00,1.029652596525322039e+00,7.366056082824932183e-01,9.269449164033888300e-01,5.616523488183806645e-01,5.504862350953516614e-01,3.246062951158211196e-01,3.580656668265874143e-01,3.841952724633117544e-01,3.174039481778527239e-01,3.359378717872347764e-01,2.841081410257266238e-01,2.906791045106505988e-01,9.850418059078751981e-03,7.868160897200129206e-03,4.021432220345425718e-02,1.271248027394186741e-03,1.300956805284407374e-02,4.027885445974840883e-02,1.232010999975592311e-03,1.899767322466269434e-02,1.575692896724220984e-02,4.048275935019848490e-03,1.065281148521287635e-01,4.278369078637032398e-03,2.285868946438104204e-02
3.644059780552402067e-02,2.623031653325507209e-02,2.892134602932115328e+00,1.070846365245080173e-01,1.673003002683595974e-01,2.694662852100879746e-01,1.634412090829731948e-02,5.205971277399848440e-02,-3.472385940596927156e+01,2.542955534725775291e+00,-4.264075281933837891e-02,1.780749936914660381e-01,2.662807290699195292e-02,8.061923473457428824e-02,-7.884433691487842399e-02,1.526030602771015765e-01,6.883211800760001553e-02,1.907669794954425235e-01,-1.532727374134986442e-01,-8.876740260574444985e-03,4.819714790476589683e-02,7.492940352942903219e-03,3.174503085600025726e-03,2.909176731734110580e-02,7.105589527653297620e-04,7.305805024428867200e-03,3.920885586624051067e-02,6.459827022602536613e-04,4.842074572498669162e-03,6.486118003363523787e-03,2.422733703046781647e-03,1.439916045113973919e-01,2.038551030449933365e-03,4.815453253599782935e-02,4.388130711676642426e-02,8.132977606122314407e-02,2.729172313700554686e-01,3.207111947622662967e-02,4.054562197944001911e-02,3.934722496329809971e-01,1.215977551329224318e-02,7.557769939694199135e-02,6.032539231566034665e+00,9.313924409365149648e-01,7.338004639089268366e-01,9.623236206161825956e-01,5.627084441397698367e-01,5.714156701227565138e-01,3.229592974999460075e-01,3.727487933145234300e-01,3.895730525954453904e-01,3.237071583044985879e-01,3.258708315441617431e-01,2.847167168372089496e-01,2.869318639802483917e-01,9.398199170878848707e-03,8.004347723881291912e-03,4.123833294349808776e-02,1.289104178177336935e-03,1.324711423028236169e-02,3.801068294607617276e-02,1.250389415731040493e-03,1.938849678901429993e-02,1.110598556707123770e-02,4.105159969224698481e-03,1.138752172082508757e-01,4.352898867716887069e-03,2.422479772306119702e-02
2.644985877570413604e-02,2.909216492013969382e-02,2.880564455174873917e+00,1.009644570742321973e-01,1.692267948010468537e-01,1.785510225217806501e-01,1.655808872131847923e-02,3.280071718609924719e-02,-3.501452879075051783e+01,2.583651467358613729e+00,-6.518836641422752487e-02,2.811543696133441128e-01,-2.016885803965103724e-02,1.093343736900750096e-01,-7.867592423863838114e-02,1.258457435637180266e-01,5.653973257363668903e-02,1.721617848055146671e-01,-9.816594353430829756e-02,-2.916253435766138352e-02,5.515282925897507793e-02,6.980324823071473381e-03,3.155301447506135559e-03,2.812230673630269559e-02,6.873428777873825685e-04,7.283159343398054771e-03,3.931645382545517764e-02,4.491942383971449433e-04,4.913905821666229509e-03,5.941660326465351798e-03,2.137574531319995103e-03,1.569282231181851062e-01,1.948218952206555834e-03,5.158993832484073949e-02,2.634096406405111307e-02,8.546275870230367333e-02,2.635873385567553684e-01,2.728144710949852864e-02,4.067204102419200162e-02,2.478580480206771519e-01,1.239935816642707619e-02,4.216895656826374905e-02,6.228502226426947175e+00,9.437152293419409643e-01,7.353136467495510198e-01,9.558402366417032558e-01,5.724032858261461909e-01,5.873669336631682780e-01,3.249036287680517332e-01,3.615317521867830175e-01,4.023798578098062295e-01,3.132099832139237372e-01,2.954397944404243415e-01,2.664943944012569954e-01,2.806148923720921950e-01,9.600509021072959476e-03,8.359904792700911455e-03,4.012581799404499328e-02,1.341209085678069998e-03,1.391225863104441490e-02,3.883821441967762883e-02,8.390442557243096193e-04,2.045533837754471077e-02,1.154493614905599541e-02,4.025204357976134954e-03,1.132834645625073189e-01,4.523516917977050272e-03,2.293545484777214510e-02
2.595734512216978443e-02,1.039632257622847070e-03,2.854104651760071221e+00,1.024896969266186619e-01,1.745424938025393891e-01,1.664078939951361691e-01,1.474190116508936749e-02,3.079126387397064513e-02,-3.669522642302419513e+01,2.660209521403453792e+00,-2.059913841837929596e-02,5.249311008199689654e-01,4.068115464245463525e-02,9.817510213960890797e-02,-8.672796697181014980e-02,1.567514171639642073e-01,6.560268780640979291e-02,2.328772532505863913e-01,-8.989224708720347512e-02,-1.713818644286701359e-02,1.108660626318001136e-01,6.603090088699638607e-03,3.387692626359158857e-03,2.253368249192746683e-02,5.857680987411608298e-04,4.356708569428468722e-03,4.294849904439611982e-02,4.880688859061788499e-04,1.576495763761166530e-03,4.081505952635714266e-03,1.548368145701634405e-03,1.764339630271555825e-01,2.107260134547274486e-03,5.427395300208582435e-02,2.783053922091996077e-02,4.339376309267736244e-03,2.579669428672352605e-01,2.812563203213812313e-02,3.717451956902972227e-02,2.441659742757819884e-01,1.067503469442792653e-02,4.223583386348049584e-02,4.423450682735896144e+00,9.381585530063123457e-01,7.446885899057891223e-01,6.835655863576171054e-01,5.617522786890553066e-01,6.146598661486027959e-01,3.264624554773881138e-01,3.634049274205216062e-01,4.117987951195417606e-01,2.730282148970779588e-01,2.739213856588525453e-01,2.654181543254870990e-01,2.088783479415222966e-01,9.851108523446837004e-03,8.861121685035593804e-03,3.396808803062589116e-02,1.081415545086661855e-03,6.284294570260764989e-03,3.990625532121637453e-02,8.838436069744596679e-04,2.459935435506573412e-03,4.651909500689041521e-03,3.235669867419787519e-03,1.060116352126960759e-01,4.780061180324129272e-03,2.299812635714318376e-02
2.665703573762597325e-02,1.583489404076477523e-05,2.862399674417548834e+00,9.757417126547357489e-02,1.700068939644942545e-01,1.434797416047333685e-01,1.550459971621108782e-02,2.927231498660070111e-02,-3.809794871192742249e+01,2.651901683172782853e+00,-1.195970606634952915e-01,6.512161431706280368e-01,1.423391419316076371e-02,8.161726926994847253e-02,-7.788914664314880443e-02,1.899066425181761830e-01,1.365387742236481572e-01,2.685419696757309072e-01,-7.044020856106768258e-02,-2.654140211079497602e-02,1.299872432867556216e-01,7.035585685233246463e-03,3.747783503886677366e-03,1.273152889912098316e-02,5.799226499103219247e-04,4.550586303321196846e-03,3.782618547766683492e-02,3.493312725944807133e-04,1.307901656912970403e-03,3.268354502870032298e-03,1.549901524218424108e-03,1.980364533439180619e-01,2.302389419330176656e-03,5.754912865340203187e-02,2.911786057867925617e-02,3.995900375081080707e-05,2.650711347315387600e-01,2.530352213951809343e-02,3.314635977473448514e-02,2.240096914562708375e-01,1.106561085557638581e-02,4.238701081999474152e-02,2.654769331756297035e+00,9.948914320527395549e-01,7.170722323238546414e-01,5.710556997374851562e-01,5.959475584391493719e-01,6.528882521241893278e-01,3.358411331311190184e-01,3.731995745276473486e-01,3.759548938017523989e-01,2.731709348795064995e-01,2.804103987877308302e-01,2.756889256589967196e-01,2.142986855151120806e-01,1.040870984425421725e-02,9.441614099945198901e-03,1.599822708728295198e-02,1.127945042959515275e-03,6.653789718469476852e-03,3.999320599847668717e-02,5.374675250965472127e-04,2.337226291358344109e-03,3.612965012628743637e-03,3.461583090898259687e-03,9.676082784234740775e-02,5.098379463958894846e-03,2.280987832781786184e-02
2.939030322685259877e-02,8.993843741608181869e-06,2.914161951301061038e+00,9.590134503434269431e-02,1.642322162172137612e-01,1.594702372736569451e-01,1.465364124150849920e-02,3.198898607061872318e-02,-3.842138831719544356e+01,2.521155071642671164e+00,-2.096936306473697609e-01,7.582043439946406505e-01,2.191369425518013142e-02,5.974190364531583447e-02,-1.236721177424138368e-01,2.019250219735533314e-01,1.538860855670100281e-01,3.062353649444976567e-01,-8.447687023233353687e-02,-4.630557808251008212e-02,1.256759160282440724e-01,7.407831703497002977e-03,4.380453386042319937e-03,9.878880109605931575e-03,6.561958102112065445e-04,4.567419827967116389e-03,2.429091424475266284e-02,3.915219077706757751e-04,1.349030785840364113e-03,2.648871380012893673e-03,1.704669385963613086e-03,2.160325180441673154e-01,2.641559633650153970e-03,5.987473166982012346e-02,3.078830916184550556e-02,2.161483837351537920e-05,2.252314950919003522e-01,2.443512097717312481e-02,3.113431728414337712e-02,2.389708957365700992e-01,1.058254374659176565e-02,4.538522911967496354e-02,2.315452916183506904e+00,1.014952917944006217e+00,7.380535889306855113e-01,5.419809007590761230e-01,6.436495070199030888e-01,7.038848955385479389e-01,3.334677810930967157e-01,3.996605206937456356e-01,3.997401344897040243e-01,2.697723314866371513e-01,2.953315385002870941e-01,2.847635240664008194e-01,2.293662019713139100e-01,1.103476225795218743e-02,1.011990978236765315e-02,9.831881263370135376e-03,1.206594368709314668e-03,7.049220755144827016e-03,2.054435025657786601e-02,5.708836504008758458e-04,2.484807483573285049e-03,2.577062061325610578e-03,3.728940742882849019e-03,8.854429861292759107e-02,5.463555737326378919e-03,2.336096414074055952e-02
1.988846666337659719e-02,2.260933516521176255e-06,2.936314104269516001e+00,9.062590454015230501e-02,1.674282948772116975e-01,1.003867300340999386e-01,1.273612462684266255e-02,2.060534358671004679e-02,-3.926525789751501350e+01,2.922923972719477348e+00,5.396233223923219829e-02,8.325591611690480454e-01,1.935318628206809111e-01,-1.202327754306039970e-01,-6.743769767033580553e-02,1.513650293438051908e-01,3.624861650395482665e-02,3.009703266184045600e-01,-1.309538039585571578e-01,3.687411647486944777e-02,1.236772871364276855e-01,4.775647647745665317e-03,4.913834589876375780e-04,9.009721491810028515e-03,3.189955948213087219e-04,2.960834470415328948e-03,2.716034388232836314e-02,1.873464463599626006e-04,7.562625165352840047e-04,1.963287929030571415e-03,5.371926859992226262e-04,2.454482654831639798e-01,6.632984626405812175e-04,6.751691321593113193e-02,2.086772740330491635e-02,1.297755699098783746e-06,1.507151234951989993e-01,2.231272546427539097e-02,2.625056557959602049e-02,1.839898219178081606e-01,7.773342638855596821e-03,3.663019207525402415e-02,1.357754149067166738e+00,5.602411414495327424e-01,3.506578968843785393e-01,4.909885529033698459e-01,5.345304836509060520e-01,6.211015422719814438e-01,3.362610626368861544e-01,4.185722149644555690e-01,2.869819250975098601e-01,2.803037747086206677e-01,2.409597640442761590e-01,2.312890764212320038e-01,2.304227780585849650e-01,8.724548497270685071e-03,1.129056185318653028e-03,7.782624781857530247e-03,4.987929413013780615e-04,5.906358290040832071e-03,2.135316621728389902e-02,1.461630624075488990e-04,1.646891126519948317e-03,1.576378625465153218e-03,1.086913947711205634e-03,5.182083507493166069e-02,9.984300654786737190e-04,1.420598202248845449e-02
1.179215537898852320e-02,1.799555026748917744e-06,2.912605280058343293e+00,8.336285553087678657e-02,1.660488258879279366e-01,3.589140252389438901e-02,1.422780032306251302e-02,9.196271101033005532e-03,-3.984330751373855151e+01,3.107249334504691873e+00,8.785181747424578025e-02,1.000035501236724800e+00,4.082228240699155020e-01,-3.741253888654506032e-01,-5.347601284966054663e-02,1.941612874544198369e-02,-4.460959084623652982e-02,3.684680384330830116e-01,-1.694141928999043367e-01,6.767227033737877040e-02,1.576705419153139887e-01,1.651773017095636148e-03,1.218157396534413987e-04,8.566660949361525404e-03,1.800019131912446819e-04,7.303999733879327138e-04,3.022821830845689312e-02,1.381520983422048507e-04,2.020794110976142032e-04,2.042412104082382864e-03,2.971331464670376519e-04,2.601386872120989291e-01,2.814618292639488447e-04,7.174149279115279998e-02,5.049893352382753796e-03,5.802168030493130275e-07,1.167139917178482839e-01,1.938762793636840051e-02,2.590011168215197376e-02,1.397756330025068904e-02,8.039457375284692064e-03,3.335399923122631897e-03,5.432770370002846239e-01,4.191674433892781382e-01,3.347668263429329771e-01,3.418941790638440614e-01,3.407030431005733662e-01,3.606908729461152374e-01,3.213754704701222153e-01,3.253802478828869971e-01,2.650547826308356503e-01,2.655204023198449725e-01,2.534959622226790055e-01,2.511517063330302446e-01,2.420256975191088789e-01,1.371836785475012916e-03,1.113759822449840898e-04,8.472696114638807174e-03,1.159551190809770909e-04,7.907907039994512737e-04,2.278574821104905127e-02,8.579373182882618718e-05,2.022157504894651165e-04,1.626065151278148100e-03,2.375243966128579238e-04,3.394798340021106670e-02,2.611814021222716572e-04,8.721470792828442051e-03
1.030297738583777108e-02,1.901008937349525825e-06,2.916622166042413422e+00,7.714243369445170084e-02,1.575952116114625878e-01,3.300523558292774162e-02,1.323749586300344665e-02,9.070294784580497371e-03,-3.984915122013991606e+01,3.150404860849408184e+00,3.100678667642776942e-02,1.076961849107425984e+00,4.918639777653747713e-01,-4.739172581601739931e-01,-1.636420935250136877e-01,-1.163827139643286018e-01,-3.957646171210300184e-02,4.201088277875508203e-01,-1.901855232474091439e-01,1.431957855651673772e-01,1.892590837975499374e-01,1.201207323397346805e-03,1.400102740577867280e-04,8.055148290350627044e-03,1.605709991811772662e-04,3.991196138307863558e-04,3.332460944874818254e-02,1.353971609544819387e-04,1.541147590530434646e-04,2.118618862788894212e-03,3.486583478878806748e-04,2.587669505935030201e-01,2.348512094212449447e-04,7.151220117624895733e-02,4.067341202777303988e-03,6.268741165703464615e-07,1.329202357786420097e-01,1.622582539016537151e-02,2.195745684766276309e-02,1.500819837900334644e-02,5.735697315038120261e-03,3.081025943250600713e-03,3.806464370819716558e-01,4.406610105331971172e-01,3.534736407769464850e-01,3.017494644478414534e-01,3.196321593630363500e-01,3.621089431227054178e-01,2.958477323179331542e-01,1.887152747902336447e-01,2.825705430492742032e-01,2.724023355584893613e-01,2.348892001060794710e-01,2.070550800854820406e-01,2.147181251379967071e-01,1.006287661644451057e-03,1.235224644824631669e-04,8.568359114610011804e-03,1.066470807602108397e-04,3.852060005824181990e-04,2.474246598607414069e-02,8.381405868738846623e-05,1.453340990491943036e-04,1.755985060239565994e-03,2.546930082317037936e-04,3.522488821168773265e-02,1.260012264804083633e-04,8.847706553767348270e-03
1.021566401816118019e-02,2.275703355852159690e-06,2.901708669609917912e+00,7.694888076266322152e-02,1.598654063198758357e-01,2.600787499702277711e-02,1.237178128378953884e-02,7.936507936507936067e-03,-3.966594204716062677e+01,3.026638147848864868e+00,8.501290106400177793e-02,1.154776417472989314e+00,6.213927577518740808e-01,-2.568035073992645523e-01,-2.464502500408905505e-01,-1.870690665904161665e-01,7.268229344042892448e-03,2.932676265010054628e-01,-1.554751004486227550e-01,6.702770283681348806e-02,1.489862271078911393e-01,6.624606287762849688e-04,1.654194562259725105e-04,8.987899397115891101e-03,1.377153086027065726e-04,2.922342720140028421e-04,2.182450143983357543e-02,9.399759427493675702e-05,1.367302355244243996e-04,2.370669477416154948e-03,4.152876027140841773e-04,2.766888216979209725e-01,2.463507945317654647e-04,7.597168173228757704e-02,3.932010913890754411e-03,4.861363892350686509e-07,9.405525432030380217e-02,1.641888660621564772e-02,2.232974162406157689e-02,9.393732935291634195e-03,4.528691522833814057e-03,2.535224464285475935e-03,2.989120901195986835e-01,3.823652378794256679e-01,2.739381751213207927e-01,1.939004025590223834e-01,1.933661111964117552e-01,2.386114433506041632e-01,2.275932306985580800e-01,1.692110955295265950e-01,2.685700709223145521e-01,2.351299559909786341e-01,2.624110215315749728e-01,1.886118956559926230e-01,2.512781612974994139e-01,3.914027951656996198e-04,1.340178723990788953e-04,9.378848272231527644e-03,5.546563510253600345e-05,2.451277238373690982e-04,1.183544227117198575e-02,5.937656007309534574e-05,1.289675413684097504e-04,2.075788975332579743e-03,2.804400740211443759e-04,1.707196778651637672e-02,1.329351184336426269e-04,4.731179430133597430e-03
6.053726825576995381e-03,2.417955723147966892e-06,2.983414791815328204e+00,6.324790762562497448e-02,1.410476213450652105e-01,1.855709192461820617e-02,7.906484814447287471e-03,8.314436885865457080e-03,-3.969847566999754207e+01,3.293987538509802082e+00,2.742323962816948721e-02,1.059880536471888401e+00,6.031717462491948956e-01,-3.244307415121516214e-01,-2.905660921773949856e-01,-1.401779411939968745e-01,3.787729428080287980e-02,2.653465458759691198e-01,-5.473427106866719100e-02,-5.962635937226896769e-03,1.232203816809926550e-01,8.197449087996512736e-04,1.877098495695022197e-04,1.909365744122743782e-03,8.181196199590977760e-05,3.010929516935086504e-04,2.272233295019565613e-02,8.437821821025990384e-05,7.237513278213962391e-05,1.242344159646785852e-03,2.929401018984222602e-04,2.876911620017660876e-01,1.675216242679669751e-04,7.906119719320738037e-02,1.070157822454101317e-03,5.155277856147858007e-07,8.090984872379966553e-02,4.488516452825063591e-03,6.560598938603004297e-03,3.586894513597963831e-03,1.805776108484704332e-03,2.137888983179282026e-03,1.074714369968515770e-01,2.001896010518373348e-01,3.985483225234141003e-01,1.887179532456039477e-01,1.982047403561622290e-01,3.246517283876143578e-01,2.097469343615096238e-01,1.937282546843037689e-01,2.011931007347136924e-01,1.735916875095120104e-01,9.601390713632772245e-02,1.274079522809929421e-01,9.481702221567948896e-02,2.795420620852473448e-04,1.523707922100059624e-04,6.547515422933305410e-04,2.854311498715333476e-05,2.554201888849786935e-04,4.082785661164978902e-03,4.259125212678736301e-05,3.082244509354665205e-05,2.702140717899269339e-04,1.670411326690271199e-04,3.670473419141946463e-03,5.293699913590078714e-05,1.019843341561836852e-03
