9.825198637911464195e-02,8.012832628858457609e-03,2.960242093669460672e+00,1.747746506808681433e-01,2.052399477495208679e-01,5.667885530188887522e-01,1.466468556096482342e-02,1.343310657596371860e-01,-2.858376541227254108e+01,2.250601419800407843e+00,-3.476156197303364448e-01,2.807880655566739048e-01,-1.956866940345813530e-02,5.316821054811257663e-02,4.046230182888387733e-02,1.050012171816618739e-01,-3.389761693472437276e-01,7.928090498821300722e-03,-9.549228886523945803e-02,1.606281797909510020e-02,7.033549837879153610e-02,6.729277021812623411e-03,1.411487017589637327e-03,5.151537124604452234e-02,1.616963308535070446e-03,1.313192803847644183e-02,3.810564459414664262e-02,2.523447560156483541e-03,4.874378616115352704e-03,1.475310612914412095e-02,2.896199152653767140e-03,7.374123382991591702e-02,1.545200429998846471e-03,3.311641470070986193e-02,7.921974528468558874e-02,1.241609892167404305e-02,2.677067424720112609e-01,7.037334960859617516e-02,3.127237368613390578e-02,5.608780696605549787e-01,1.445413865305347073e-02,1.776166376000139213e-01,3.748547157586257672e+00,6.730311518103472279e-01,4.948297952538351363e-01,3.883348454208028766e-01,3.695085142169988734e-01,3.469654804540434623e-01,4.077768780501180856e-01,3.955497928865343016e-01,3.654879480824103077e-01,3.036451023037110009e-01,3.045227370527406885e-01,3.027828968496497630e-01,2.105976727447173846e-01,5.310452590052902599e-03,1.798811715185201629e-03,4.837253746909674773e-02,1.856330778368726897e-03,1.817195997153824363e-02,3.195226874701618397e-02,6.285681027496911426e-03,5.354350428057344687e-03,1.396432009654752053e-02,2.904534305685283792e-03,8.046146062766176832e-02,1.515603622155470721e-03,1.680769452193308505e-02
9.448354143019295492e-02,8.545001696008578881e-03,2.982287983613274296e+00,1.709230905531570199e-01,1.993954065156872124e-01,5.826253485907314511e-01,1.476982920722640785e-02,1.460317460317460403e-01,-2.786213205748897792e+01,2.276445334074642890e+00,-3.123812582708155872e-01,3.003779816375702350e-01,1.777484190406196374e-02,1.361836432372229462e-02,8.399302503598772562e-02,9.342688007624441737e-02,-3.300532229856643074e-01,-3.726782071352592596e-02,-9.167088962960420750e-02,-5.108451126912414569e-03,5.705140280206973113e-02,6.308908975643032734e-03,1.431906045887997763e-03,6.064435308669603036e-02,1.615923575122043534e-03,1.292840654145429972e-02,3.926107608055852405e-02,2.491977760042823637e-03,4.735712788464285609e-03,1.407475729778877305e-02,3.064132174905668735e-03,6.041506206466238510e-02,1.514161604300862151e-03,3.189859403943864219e-02,8.102441278228270094e-02,1.222881135872590057e-02,2.510915645772586191e-01,6.521795378722763936e-02,2.949440437970371823e-02,6.016476548172666750e-01,1.427778934271417208e-02,1.817819232005501995e-01,2.639271638923416763e+00,6.417106383376686152e-01,5.346118171462626023e-01,3.730937297502989192e-01,3.941201312955963654e-01,3.593381344432842184e-01,4.108543417294772127e-01,4.146776049422915555e-01,3.745309310108863032e-01,3.105876401740862991e-01,3.105211034934577952e-01,2.955628991198199773e-01,2.203560249153188877e-01,5.184921290891784072e-03,1.777781704233108006e-03,5.263327088036666435e-02,1.856484360778721610e-03,1.817160285402943595e-02,3.154587497137721630e-02,6.292935873904286111e-03,5.284490005298722592e-03,1.351616405180334178e-02,2.957922966163070537e-03,7.272179425321549651e-02,1.502404664873550465e-03,1.575053934148954241e-02
8.469920544835414511e-02,8.636334413978154559e-03,2.976893136809124929e+00,1.617801562907425494e-01,1.964446963744535812e-01,5.193528866410510592e-01,1.255235873439434699e-02,1.204535147392290090e-01,-2.756245440115807810e+01,2.292580141766813018e+00,-2.752896285572197788e-01,3.112386052538057002e-01,1.604212039237131598e-02,-3.427972256794348856e-03,1.325769721449977512e-01,1.171852237910087358e-01,-3.402151259484249568e-01,-4.876379129771472865e-02,-1.018103769278372872e-01,-3.658402708268161663e-02,5.394098277497972466e-02,6.772131811052157536e-03,1.549734070627209470e-03,6.961930223457757361e-02,1.560726486631156505e-03,1.345289206337719166e-02,4.255604081932888583e-02,2.535848041400724697e-03,4.720618894183296194e-03,1.348524712583805407e-02,3.000636736792507316e-03,4.957614625634242794e-02,1.433690580514862794e-03,3.094056834000030037e-02,7.168847431039444829e-02,1.215179825784015039e-02,1.759757509363789330e-01,5.842417505368059649e-02,2.768208942456287444e-02,5.526084361063589023e-01,8.639200866751494887e-03,1.536830503157066152e-01,2.401330750679241621e+00,6.806245102401948799e-01,5.709507618036124832e-01,3.461041506888716812e-01,3.964005153609509446e-01,3.637576712687848324e-01,4.006243094835646446e-01,4.072254222115886391e-01,3.647023301810158880e-01,3.127030127725400899e-01,3.105244498117450958e-01,2.886115723401663780e-01,2.101500873951109294e-01,6.148916478517106078e-03,2.086039386225179044e-03,5.137756563617203870e-02,1.844699860939128357e-03,1.799197495011672573e-02,3.110362197599286088e-02,6.290720464272720608e-03,5.286825970764756112e-03,1.193994270854549511e-02,2.985577440657072139e-03,6.000197184994097294e-02,1.412220093872540872e-03,1.312531500852645756e-02
6.551645856980703453e-02,9.657936195612514679e-03,2.952597998687765735e+00,1.474768816665612825e-01,1.903353981804753181e-01,4.053895954331479534e-01,1.267737991184626246e-02,7.995464852607708783e-02,-2.704899022540494613e+01,2.422982710201241563e+00,-2.475359600850847441e-01,3.403104771302767340e-01,-1.193235422039970982e-02,-4.467024016332778874e-02,2.070659082391820560e-01,1.782945749699380023e-01,-3.687087291289035673e-01,-7.410951186285180681e-02,-1.631094140379107937e-01,-9.126275412743328763e-02,5.351105030066108381e-02,6.862376870734744616e-03,1.394885477360538256e-03,7.888592061672700106e-02,1.392139979048027465e-03,1.400231980718239996e-02,4.544409489770599719e-02,2.350066822619024595e-03,4.228584518223728328e-03,1.281462300335573477e-02,2.620683380464606388e-03,4.295195823817220954e-02,1.171213020268728911e-03,3.164097011429901907e-02,5.612961762087505940e-02,1.184090815374283685e-02,1.867902163144846417e-01,5.473238556231378726e-02,2.498362111072121097e-02,5.098383238401440476e-01,8.552819885643414208e-03,1.024760784823142284e-01,2.000366650125912749e+00,7.423927645052121882e-01,5.674445680922861612e-01,3.286292391213017083e-01,4.076438339634669838e-01,3.421690958612072508e-01,3.975383937456041794e-01,3.702833690264453192e-01,3.470409096439497354e-01,2.892520236746155549e-01,3.267557526935713774e-01,2.863019535269725191e-01,2.255079623470456485e-01,6.121255407759486691e-03,2.054583722375971557e-03,4.942001310550760834e-02,1.738278193621595104e-03,1.801823137450084267e-02,3.117222512909623156e-02,6.166928488181192859e-03,5.150751981581396313e-03,1.003398258125085159e-02,2.812184329037042095e-03,5.694884500525948523e-02,1.164639234824799011e-03,1.234197965221826843e-02
6.474460839954597480e-02,9.211173920921701327e-03,2.939383730200695322e+00,1.492842689162990899e-01,1.931061009336954015e-01,4.079190710011097454e-01,1.137978528375204260e-02,8.349206349206347855e-02,-2.685055338366499100e+01,2.440282595897478313e+00,-2.286068361013324224e-01,3.339242521209650483e-01,-3.924267962267539989e-02,-1.468225988670050081e-02,2.615127000328361095e-01,1.581316209099356274e-01,-3.649959417560352803e-01,-3.825691972437764155e-02,-1.558917019308984631e-01,-8.254329652602451772e-02,6.724132145957149864e-02,6.780366850666910521e-03,1.228790982915037126e-03,8.375789569303609960e-02,1.250740859599797561e-03,1.450057106008568325e-02,4.213634816972949837e-02,1.655330133938034054e-03,4.780079288296617927e-03,1.640297459076170070e-02,2.689324150832402439e-03,3.476739167118558793e-02,1.257090493587958470e-03,2.945373655681380459e-02,5.613600761722923466e-02,1.148336107989340882e-02,1.942347571008702645e-01,5.455848152093763920e-02,2.641699857898460735e-02,5.107983736548763476e-01,5.824985191640329012e-03,1.045454173734413489e-01,1.722554500986879011e+00,6.935484872888600938e-01,5.374068387307185946e-01,3.271185813513801111e-01,3.808306361845584798e-01,3.247112940410875614e-01,3.473987337334868974e-01,3.599120748184854723e-01,3.172750191442433865e-01,2.653189764270401096e-01,3.286241784883500716e-01,2.862624008139986742e-01,2.237320715995478881e-01,6.107436794864648001e-03,1.870629974365365256e-03,4.552976107671545536e-02,1.581630565334052893e-03,1.825217312594808530e-02,2.560703219709976192e-02,2.061478757102273504e-03,5.122132398379638032e-03,1.405816305962173836e-02,2.795955030866980988e-03,4.090682522137779886e-02,1.272510477982510477e-03,1.060302657224096792e-02
6.190692395005675808e-02,9.407060451493053088e-03,2.923201393026224171e+00,1.451303644829388395e-01,1.904306110794898033e-01,3.984120895717194188e-01,1.165188691383213515e-02,8.367346938775510612e-02,-2.674627124881301299e+01,2.386549826683888043e+00,-1.663659336297225733e-01,3.778242748554934138e-01,-4.441386547915492089e-02,1.718823673137370375e-02,2.233927222667750900e-01,1.405092839796311666e-01,-3.454236673777810740e-01,-2.743659630197893898e-02,-1.960520351697412622e-01,-5.014440430412173133e-02,4.893761550789463288e-02,6.429980597368274708e-03,1.278771460422504320e-03,8.292772458630291721e-02,1.069109844966731728e-03,1.418455143789098573e-02,4.605884450323837614e-02,1.425084318757480770e-03,4.098677813973587540e-03,1.638949958228963152e-02,2.909464955865203022e-03,3.230406794041047747e-02,1.370572931694254322e-03,2.986935432334344998e-02,5.577092813898552881e-02,1.138387999569096670e-02,1.906622934591848395e-01,5.427368844563271177e-02,2.761334700013812551e-02,5.097873208278068669e-01,5.796300620354868059e-03,1.045361311506530916e-01,1.651206639741028104e+00,7.055096941618761441e-01,5.493855564660166113e-01,3.916461060740821787e-01,3.754568749613982903e-01,3.480609689423238007e-01,3.823997843533326058e-01,3.615043736504346961e-01,2.992059948330297314e-01,2.709768474158205098e-01,3.371598647503538659e-01,3.073602624810564676e-01,2.469811005759335043e-01,5.922988563709869272e-03,1.931316380985771339e-03,4.674490308456637905e-02,1.253996963518874989e-03,1.834484974773345836e-02,3.282486154739608364e-02,1.482170947897030718e-03,4.075310989805555617e-03,1.404155591500826084e-02,3.663727674375250824e-03,3.739815974117587788e-02,1.485294130915578359e-03,1.062785810387453615e-02
5.741203178206582408e-02,9.339752253235628424e-03,2.931636001941453351e+00,1.420532094742167073e-01,1.926928646781002341e-01,3.519979546556448735e-01,1.159452080828118556e-02,7.092970521541949736e-02,-2.680227820595416333e+01,2.425249259292810766e+00,-1.724462112497293365e-01,4.316103561872549066e-01,-7.377126476907927555e-02,1.674683331252642057e-02,2.157496172084779340e-01,9.759646169240364377e-02,-3.574608064745666280e-01,-4.116129956096872822e-02,-2.102671509902059865e-01,-5.776181335265255512e-02,3.096772321691004456e-02,6.738611473509522644e-03,1.259257488153500432e-03,8.068772378640395870e-02,1.018639776796421894e-03,1.405811912420262648e-02,5.282530768881154443e-02,1.496619144605606817e-03,4.171187817354870229e-03,1.659665826088134802e-02,3.002402066234635767e-03,2.791145114076056671e-02,1.368729725853696545e-03,2.942069358737367524e-02,4.854618597619461684e-02,1.143796665504167101e-02,1.830967248578726225e-01,4.813566264978271642e-02,2.943509888060637236e-02,4.549558426901612052e-01,5.350009724822700312e-03,8.673407436827648698e-02,1.742248142316406234e+00,6.325368825244707116e-01,5.400764992906397222e-01,4.053365543473887445e-01,3.589471214208386773e-01,3.274870068911964194e-01,3.736274805578594371e-01,3.910368889268149295e-01,3.007781413981497343e-01,2.553952720352062333e-01,3.192157981567314007e-01,2.888249088195878889e-01,2.613430070245200132e-01,5.928088740024321963e-03,1.936284353479653022e-03,4.524514332241779541e-02,1.210044621353929860e-03,1.834767135592790116e-02,3.866049721754936941e-02,1.626840055010842943e-03,4.018834148183735890e-03,1.384825099080670696e-02,3.653359738770779481e-03,2.441670223080794760e-02,1.488275612560052653e-03,9.875131326142703656e-03
6.154370034052211724e-02,6.924521562332346808e-03,2.910848723175567532e+00,1.448124496825785035e-01,1.945088220297334636e-01,3.767591826902681462e-01,1.176127521166155793e-02,7.392290249433107474e-02,-2.719961117339188661e+01,2.521004880194662956e+00,-1.818834429839054356e-01,4.215847392010731443e-01,-1.126121080561794524e-01,-2.849543271055188232e-02,2.429572644014391936e-01,1.192406355102424570e-01,-3.129712071134780338e-01,-5.346214844592054455e-02,-2.143491288828512364e-01,-8.825025818853129977e-02,3.834833734586672038e-02,7.256137043950097211e-03,1.269847781582687839e-03,7.553004307517265092e-02,1.073878786914600871e-03,1.488495393153827992e-02,5.407792306887886091e-02,1.344599391665660983e-03,3.833643853036121634e-03,1.555531633697496835e-02,2.535165484374734580e-03,3.234724532004939340e-02,1.319989277753635341e-03,2.915642320176546620e-02,4.990055444965459802e-02,6.724319488500652559e-03,2.128311293907779733e-01,4.885981389719086521e-02,2.849651127204816739e-02,4.909681283383082184e-01,5.293058093865001500e-03,9.021752190530830939e-02,1.666853845253414956e+00,6.645818032228373307e-01,5.531323153101151968e-01,4.089295474840802247e-01,3.436320800824727573e-01,3.174682824121671798e-01,3.669019812865125796e-01,3.937620760596659553e-01,2.830862795388906505e-01,2.216827402266549341e-01,3.216485538950010770e-01,2.798373836000423998e-01,2.572249188982378421e-01,6.531307114093688575e-03,1.937739529999086456e-03,4.499680643364122046e-02,1.201570521439228930e-03,1.891361593098012800e-02,3.832172985831942824e-02,1.519821091957967258e-03,3.758451234728939737e-03,1.315033449882234418e-02,3.239355461152109740e-03,2.924678330604898319e-02,1.481856894269658687e-03,9.821633474936497868e-03
6.456299659477865438e-02,6.027621238072860405e-03,2.884846844342995986e+00,1.453019857260691439e-01,1.935682350661186990e-01,3.948999095914525470e-01,1.159099796799367525e-02,7.501133786848072915e-02,-2.741745306311723240e+01,2.597207717242566716e+00,-8.323786094811171099e-02,4.688374312356218820e-01,-1.742385880618702032e-01,-6.613005510971971257e-02,1.710892368434178135e-01,5.244534270241798385e-02,-2.898013636830250039e-01,-4.447086459704854139e-02,-1.983533925657764707e-01,-7.148527787023492563e-02,3.523502381624345897e-02,7.598260547673081275e-03,1.298324031478572359e-03,7.897485228043280014e-02,1.105554562509574422e-03,1.163178308322287448e-02,5.016000964262582601e-02,1.084105255421580725e-03,3.462873278068028665e-03,1.715995565768338449e-02,2.438887410468457227e-03,3.488807235046083310e-02,1.282976991965114992e-03,2.917307181230987742e-02,5.204218091735165336e-02,4.809579532661123133e-03,2.271467581984203399e-01,4.936268630839904525e-02,2.781701627805573118e-02,5.232657065124651785e-01,5.367907867314693042e-03,9.313390875105863331e-02,1.569864587304333758e+00,6.813756958122222374e-01,5.422849476601410146e-01,3.889924786647293020e-01,4.224997164607980360e-01,3.443241219416044996e-01,3.214128950756457992e-01,3.346494484947159509e-01,3.029314653679844871e-01,2.262275372275368845e-01,3.225019364737986560e-01,2.845167000640564381e-01,2.501414226410899055e-01,7.435932490645904246e-03,1.960803304220543834e-03,4.505924297968923187e-02,1.212612179526495297e-03,1.348109688572856658e-02,3.695643815171581470e-02,1.216855546515002934e-03,3.697780566598744389e-03,1.315822518195177739e-02,3.281266689049580111e-03,2.983703448275486919e-02,1.502525657497054629e-03,9.850196848884192405e-03
6.158910329171396469e-02,6.646218134819782686e-03,2.877967983658269446e+00,1.416727264734935487e-01,1.932973992975154653e-01,3.669991008349135497e-01,1.168385373940391062e-02,6.789115646258503389e-02,-2.755140266461005183e+01,2.712457561288838193e+00,2.630929896474881388e-02,4.911206692596922219e-01,-1.787913866812905761e-01,-1.175919068045626070e-01,1.346234062039807222e-01,4.260497939455214211e-02,-2.799595963176919056e-01,-6.435755701316288324e-02,-1.694813715237373231e-01,-7.704191311421167143e-02,7.360583760649865546e-03,6.821059937402785579e-03,9.571850163509472258e-04,8.524689561873464994e-02,9.719308446555332062e-04,1.000344199228333023e-02,4.844610229063797679e-02,9.738432457340250948e-04,2.950664373241288548e-03,1.880167102629318188e-02,1.965214963293918007e-03,3.571399142334710786e-02,1.012889036228776596e-03,3.065429368432085258e-02,5.307040340334417960e-02,5.312075018519222050e-03,2.217471502757971114e-01,5.059884714545562212e-02,2.865393667927894350e-02,5.213114430913803332e-01,5.390801639194458400e-03,9.071021512836729972e-02,1.432512814947708657e+00,7.900223923463567388e-01,5.475035918513725397e-01,3.777381323245797007e-01,4.298774798554767518e-01,3.387543687192355879e-01,3.330721732970941540e-01,3.397273102509364984e-01,3.017563212042417842e-01,2.235417295857738129e-01,3.107377150611973504e-01,2.749016435058546093e-01,2.633450640078453531e-01,7.312274275445783921e-03,1.511257406348708596e-03,4.658825462628860686e-02,1.213049746714954091e-03,1.260641689256329460e-02,3.752372808930740100e-02,1.217372332308186596e-03,3.655491122824055476e-03,1.299719761961910802e-02,3.112440396121310404e-03,3.118882496305204824e-02,1.301778712787714882e-03,9.807646719637554134e-03
6.167990919409762490e-02,6.688726522110936823e-03,2.850551635160321506e+00,1.414325088905796779e-01,1.942441814941968381e-01,3.640690388998217286e-01,1.138587469256065361e-02,6.643990929705215209e-02,-2.761073666037493624e+01,2.802313205028058807e+00,9.677165746703440818e-02,5.362438987596364059e-01,-1.611389638619837583e-01,-1.536625034651181443e-01,1.539337647917753682e-01,-3.744571110438890162e-03,-2.772558999403585966e-01,-2.646404602954255392e-02,-1.783455691954672351e-01,-7.976803524229636455e-02,2.213364212702443115e-02,6.379048573204083167e-03,9.226742805940771168e-04,8.343192965931622851e-02,7.701989078988060898e-04,7.438135282527910154e-03,5.025771019987446131e-02,1.126358027165100077e-03,2.898072841835281840e-03,2.039016635299754909e-02,1.694336328905079450e-03,3.842444606283451636e-02,9.610202247271832981e-04,3.042804019862156706e-02,5.303873669113257777e-02,5.314354817322640423e-03,2.133143178463293432e-01,5.096567462008515931e-02,2.874448580357022789e-02,5.230396653938450546e-01,5.558021761586068310e-03,9.129202136093349240e-02,1.377596390815843286e+00,8.262633412058526527e-01,4.861015739772711064e-01,3.856854874231171459e-01,4.319577390722830756e-01,3.549209394247293536e-01,3.290731256442361308e-01,3.548744392901611588e-01,3.235842134968959227e-01,2.233410163996397690e-01,3.024257397252954060e-01,2.779209774791637222e-01,2.604462156077450019e-01,7.115597614358863676e-03,1.521646563885761631e-03,4.356140406012104505e-02,9.306827560596999315e-04,1.068883850883022013e-02,3.772551692105387267e-02,1.418817090101169532e-03,3.632581017759522329e-03,1.390862817907459123e-02,3.064492276771278896e-03,3.030050089483216774e-02,1.256579428234445156e-03,9.295682751892762885e-03
5.205448354143019096e-02,6.696586440348254420e-03,2.846396506659309988e+00,1.327153424010582561e-01,1.948891957942965880e-01,2.722261459789823701e-01,1.122055529337829573e-02,5.070294784580498676e-02,-2.760117868413611220e+01,2.946773548763472750e+00,9.562462789136763619e-02,5.727928667371169347e-01,-2.137239098617979005e-01,-1.204804820254303938e-01,1.526660877922935700e-01,2.560765104185919877e-02,-3.013874960214018572e-01,1.513529266978191207e-02,-2.328182408888599675e-01,-1.099988690627262122e-01,3.532114185217165303e-02,6.501257429471241425e-03,8.156123194980757383e-04,8.378805849104394021e-02,6.871164201259899722e-04,7.316269181186132314e-03,5.348938822171063479e-02,1.115926582556937743e-03,2.822708363079495450e-03,2.029217339046459484e-02,1.422821639518112840e-03,4.231246564337414612e-02,9.233445526706454557e-04,3.097896166781223537e-02,4.039204980805304740e-02,5.209446528231303705e-03,2.124677395877739017e-01,4.492893849634045644e-02,2.826888240271789240e-02,4.058064830425824887e-01,5.460332245922202773e-03,6.753375069162832756e-02,1.369123760478495599e+00,7.160435833243541381e-01,4.709666440625131512e-01,3.688502762710553773e-01,3.645948813802896149e-01,3.474948161778657618e-01,3.284728173275537899e-01,3.386191226907162566e-01,3.332651038072363403e-01,2.143136657407913037e-01,2.861849482645477671e-01,2.831393723458247025e-01,2.538319247854513017e-01,7.108962096747677498e-03,1.514602507117622293e-03,3.938453860434559112e-02,9.244588693115792823e-04,1.073708805731043124e-02,3.677270999412226432e-02,1.421282344041711193e-03,3.652926964725633930e-03,1.377191581200707532e-02,2.931590026174353027e-03,3.015173808236946279e-02,1.265923730538862004e-03,7.714956761243742765e-03
4.933030646992054430e-02,6.995620434012814540e-03,2.844716790561692576e+00,1.314102789037054908e-01,1.946967405543554852e-01,2.570408799948746825e-01,1.087906591984296074e-02,4.521541950113379393e-02,-2.762753895358768119e+01,3.001489308021943803e+00,1.653168817656945067e-01,5.749169856170585069e-01,-2.510390338469764004e-01,-7.312600544729754015e-02,9.643272164874922003e-02,4.097924571693882523e-02,-3.247781357408451308e-01,4.299305052664613436e-02,-2.584537085236914278e-01,-1.287011465057119886e-01,1.246257014725631572e-02,6.435118303924364062e-03,6.261900410837649639e-04,8.284259619356261484e-02,6.640874117315554792e-04,6.855972753688711376e-03,5.478897349428413915e-02,1.033995025388270489e-03,2.774034463668783798e-03,2.057357108273413088e-02,1.538813483001992338e-03,4.521656946872901900e-02,8.448489918167935561e-04,3.139485133903052727e-02,3.674920170400285124e-02,5.403799662768961169e-03,2.151560201431312047e-01,4.209615370674432006e-02,2.820455047345003449e-02,3.472458645027121649e-01,5.450429033067384459e-03,5.272761766801278144e-02,1.423422763035486316e+00,6.316024065106642382e-01,5.846000260214166966e-01,3.670978582441537519e-01,3.909644791807236897e-01,3.454523904175132998e-01,3.823525358365110760e-01,3.336299647363144549e-01,3.109362664146457789e-01,2.102023266114395883e-01,2.845324396433425718e-01,2.913020369228552786e-01,2.568463934107362845e-01,6.674264319092639529e-03,9.422253455108562390e-04,3.837029677538252720e-02,9.202774013687594614e-04,1.074790987916515034e-02,3.758241429812796131e-02,1.403297553268848235e-03,3.676980093603859738e-03,1.395108563875859659e-02,2.979851108434276689e-03,3.085963483820194919e-02,1.222990687077467591e-03,7.023351973239358621e-03
5.146424517593643083e-02,6.453000693090846403e-03,2.825535624694430314e+00,1.341258450061814100e-01,1.946762705062911880e-01,2.817959871802190319e-01,1.060777376451538419e-02,4.770975056689342325e-02,-2.773377331575927229e+01,2.923762509582294999e+00,2.859520890244517388e-01,5.535200210579089841e-01,-3.159681140172608815e-01,-1.099701057080179102e-02,-2.633470965120641126e-03,5.377307715833896939e-02,-2.885073908743214788e-01,6.081399130536101899e-02,-2.142740457565052992e-01,-1.267294776609645957e-01,-1.283952603119408419e-02,7.344804230014673890e-03,7.210501714959823352e-04,8.087727183816056931e-02,7.980767104500577185e-04,5.882699070393411500e-03,5.316168501425378584e-02,9.760586376848310718e-04,2.700107543919033713e-03,2.022072589466182915e-02,1.531963914665149295e-03,4.818862023583612292e-02,8.382975510568155221e-04,3.101226232167727734e-02,3.619985726505031004e-02,5.389450254071883814e-03,2.402918130628889370e-01,4.088804336561771557e-02,2.921946416597802354e-02,3.437203824998249502e-01,5.630956818567663634e-03,5.312119408966074069e-02,1.438167356390516627e+00,6.165182243868190248e-01,6.260571821476553778e-01,3.879341800989596356e-01,4.290156915385777703e-01,3.594015109413962739e-01,3.995878121609657274e-01,3.402435307797245789e-01,3.243675145873590182e-01,2.152682945588640928e-01,2.748249074856517482e-01,2.879518820872639662e-01,2.488944830744093673e-01,7.721314568438187101e-03,9.650602797426099423e-04,3.726361975290139877e-02,9.882192714662559746e-04,1.021745759138134070e-02,3.834552017308828081e-02,1.418457640058825957e-03,3.699370681996837912e-03,1.400966812869816787e-02,2.975710188907610375e-03,2.966200304822437170e-02,1.152907182993755672e-03,6.995595823494357192e-03
5.071509648127128095e-02,6.053803570584825010e-03,2.817760773003829655e+00,1.312486805660584566e-01,1.896687965862744185e-01,3.128335112859457201e-01,1.043082088249054282e-02,4.825396825396825740e-02,-2.803637868040715730e+01,2.883155528923265987e+00,3.232276802745557842e-01,5.754020671705830647e-01,-3.529828370237775292e-01,-4.112445829037403300e-02,-5.152710593679055845e-02,4.633258673950784584e-02,-2.435567048723407957e-01,6.126816736964556948e-02,-1.828535570150979783e-01,-1.322675811721363837e-01,-1.691843971136180319e-02,7.949522238843259939e-03,8.048970064440521622e-04,8.063467604192817162e-02,9.155880476923693168e-04,4.722051151548884232e-03,5.260306042305569474e-02,8.789835529501591410e-04,2.316656502372460742e-03,1.764398535844794585e-02,1.669812633755310503e-03,5.042039804209354215e-02,7.829285092325243217e-04,3.119363348779775544e-02,3.323610773156702308e-02,5.514861286458450952e-03,2.590956161745569530e-01,3.543787488010032710e-02,2.513486700917228270e-02,3.850150681116016882e-01,5.143481366770115241e-03,5.398738204056285211e-02,1.578380844743218603e+00,6.699581119571803578e-01,6.201323339737097040e-01,3.619146538773779787e-01,4.354335805733570153e-01,3.799797932479156426e-01,3.980790931251296239e-01,3.390405025537046035e-01,3.521550425721257649e-01,2.268667277701484353e-01,2.654718699894284550e-01,2.928784656104100326e-01,2.502992803280296719e-01,7.908049735637929373e-03,1.129210059360176346e-03,3.979748550211576613e-02,1.118672974276845641e-03,8.658116465328243375e-03,3.873886699001270750e-02,1.272356605921385426e-03,3.446215609621650772e-03,1.091198538435982773e-02,3.079391220818351350e-03,2.939092867193762379e-02,1.031294320294638992e-03,7.258876643411972182e-03
5.062429057888762768e-02,6.558116264134784476e-03,2.824345261137378937e+00,1.307661345200794023e-01,1.896359802918302084e-01,3.062265299382072037e-01,1.053312245349811646e-02,4.757369614512470951e-02,-2.798189824902094713e+01,2.943314864165278877e+00,2.902552116962302531e-01,4.948696931286925005e-01,-4.058977568326256335e-01,-1.259399184700448482e-01,1.804655035431034990e-02,1.125866611466124628e-01,-2.270774569553108135e-01,5.750052273667066033e-02,-1.531016810695710884e-01,-1.996944584824637270e-01,4.429197171665172697e-03,9.473987211730610161e-03,6.476872585058952728e-04,8.034199589257821905e-02,8.746453355273587846e-04,7.221577377865422837e-03,4.799366263748709033e-02,8.976629120040862091e-04,2.575320566803385343e-03,1.731165592314064250e-02,1.222495077688927866e-03,5.027289732417097867e-02,6.470041581151223008e-04,3.032352427556508911e-02,3.340666955877385352e-02,6.218707164690343361e-03,2.621330906239622838e-01,3.483032311084723748e-02,2.434405238994754445e-02,3.845225522241031424e-01,5.209379278532112398e-03,5.376682622075751317e-02,1.607228228123390723e+00,6.046945837034748417e-01,6.271324220664749038e-01,3.249514791883918452e-01,4.406603603583261197e-01,3.838744585388578767e-01,4.177115009105902277e-01,3.612745478318578063e-01,3.339570428552611214e-01,2.283527420372195305e-01,2.568187687903072947e-01,2.732601096832896204e-01,2.507763420535494281e-01,8.839041791938079956e-03,8.925064849095025758e-04,3.952198300803692194e-02,9.051625010109709286e-04,1.483951590485246830e-02,3.410723455813347710e-02,1.300713923701144869e-03,3.626129525982709715e-03,1.122236209456747326e-02,1.563233020424094084e-03,2.879978368863884974e-02,5.936656839866803932e-04,7.208215107376932454e-03
4.982973893303064422e-02,6.464287053347029903e-03,2.822042174451344199e+00,1.284713432898024477e-01,1.858456185154596929e-01,3.217867398163967718e-01,1.020306123789066488e-02,5.147392290249433455e-02,-2.800263836219587432e+01,2.880885337292959925e+00,2.950360108560002859e-01,4.195719346141152939e-01,-4.541369183352301775e-01,-1.261145128472213606e-01,9.520522003356457486e-04,1.736416601711412988e-01,-2.157526908692874168e-01,4.034770151108557634e-02,-1.392393905696449330e-01,-2.485074551275217591e-01,2.257078881558034506e-03,1.041548868639955577e-02,7.209259250459588595e-04,8.200380560794537366e-02,9.755671752270066166e-04,8.508582952285258239e-03,4.173786023049913529e-02,8.244811016224048907e-04,2.907695236960250538e-03,1.786973725433738461e-02,1.028844966158450015e-03,4.833662691208893275e-02,7.963487122484659347e-04,2.884343625020174481e-02,3.259322408315880326e-02,6.266441458357883965e-03,2.619387689323621204e-01,3.384418279942744828e-02,2.141589623964119254e-02,3.845866239765369232e-01,4.973041058947773839e-03,5.417793068532067435e-02,1.644910747445031962e+00,6.858289370070297375e-01,6.307492119893011173e-01,3.212121570281679106e-01,4.359601780216372235e-01,3.858733037246476760e-01,4.375737714228228881e-01,3.365843867125613564e-01,3.325009759222075645e-01,2.492779096916174220e-01,2.460754813494963888e-01,2.653879076650872970e-01,2.437376620488273526e-01,9.016350984604699220e-03,9.240920663291027478e-04,3.764318708632150706e-02,9.678639058079145825e-04,1.535850144211291929e-02,2.509661736056327183e-02,1.046516523815352144e-03,3.962811184632271388e-03,1.134852275163437431e-02,1.369840668427116165e-03,2.635306313330227496e-02,8.544672972745793321e-04,6.970239801801845873e-03
4.812712826333711419e-02,6.301239364321430808e-03,2.845181753600594554e+00,1.293075449365312102e-01,1.861311395437268978e-01,3.197574891272962905e-01,9.951493162851600752e-03,5.029478458049887329e-02,-2.832578667858538779e+01,2.735993291011620254e+00,3.459938234010401237e-01,3.882932595985234547e-01,-4.523056189221438816e-01,-9.175842744982504184e-02,-1.877387847369230145e-02,1.759344929534177870e-01,-1.848733739819642674e-01,5.220320133385147193e-02,-9.183859645040151620e-02,-2.383565264284305540e-01,-3.730855679013156834e-03,1.050203172026996021e-02,7.598859788848815388e-04,8.127087885759859409e-02,1.012403623239611873e-03,7.691232331440926023e-03,3.999945416210888560e-02,8.517872928082950885e-04,2.773490863646506290e-03,1.845059267246028714e-02,1.130898750266946633e-03,5.130766720604887365e-02,8.234129325221037354e-04,2.946947421727174818e-02,2.919060215656690827e-02,6.403903988401678064e-03,2.500263982357188164e-01,3.175361211271274242e-02,2.158389883804478007e-02,3.380590284569086057e-01,4.967042525357679740e-03,4.724763915695656680e-02,2.006356409148431386e+00,7.545182565747884373e-01,5.829928830304159648e-01,3.105808756688694383e-01,4.377195709234539267e-01,4.007929984300900861e-01,4.238958313964995006e-01,3.521072236120794674e-01,3.243303520328518208e-01,2.559552593602517079e-01,2.527656926856343134e-01,2.732577735935882157e-01,2.385118156880921825e-01,8.625873949295077489e-03,9.157099669164472022e-04,3.932680421387677733e-02,1.001311224872942704e-03,1.428995559291000583e-02,2.484677907277728359e-02,1.105163554916057701e-03,3.457727684182682580e-03,1.256391157102975005e-02,1.417237995376746749e-03,3.253118714371269066e-02,8.658180912097711507e-04,7.314689345489672548e-03
4.928490351872872460e-02,5.531899541508848023e-03,2.867315860062631838e+00,1.334969850067402042e-01,1.899501825802373811e-01,3.380758056494787556e-01,9.258649558073994007e-03,5.365079365079364337e-02,-2.882612973175767479e+01,2.571006772168337839e+00,3.150108314012198263e-01,3.833941668214537746e-01,-3.571099143963239464e-01,-5.667533859799065050e-03,-2.011013024520214368e-02,1.579324966876444747e-01,-1.901808611779723657e-01,3.591968705984234511e-02,-8.061101886939178729e-02,-2.196083370599331008e-01,-6.951598898655491840e-03,9.949017589997810260e-03,9.698189110834603069e-04,7.530723583593949833e-02,1.072196864136904914e-03,7.078658088841250154e-03,4.149048808493726453e-02,1.023267084065402439e-03,3.534550529299639293e-03,1.844211273445257523e-02,1.353463224720175906e-03,5.623823135611887708e-02,1.150089464175844218e-03,2.947962479617136783e-02,2.627600432686408305e-02,6.456502370477172625e-03,2.384258866647784025e-01,3.428353793508685105e-02,2.390343016442886270e-02,3.000490310925069126e-01,4.208793607331825191e-03,4.373681190963205068e-02,2.358161062629842153e+00,8.231978849110903607e-01,5.803804748150083181e-01,3.074038499895390686e-01,4.158973297693961402e-01,4.162451803316298826e-01,4.313428202510838916e-01,3.612681349578096279e-01,3.221881783696577406e-01,2.598468539893327156e-01,2.434344922798753474e-01,2.741085970899589386e-01,2.367226293860340836e-01,8.104156124390969260e-03,1.132541821098201514e-03,4.142462828480717590e-02,1.054389779563476032e-03,1.339987336986726840e-02,2.582025461169461938e-02,1.223227163657170840e-03,3.931395867485628325e-03,1.230348319353653797e-02,1.493147952772119237e-03,3.465491948026028224e-02,1.272691441438005781e-03,7.330751419909701562e-03
5.618615209988649106e-02,4.320545405348967354e-03,2.852093885473617085e+00,1.384575559445001824e-01,1.907767006889113381e-01,3.743878151294844359e-01,9.039778351793375730e-03,5.797101449275363083e-02,-2.911074453272785689e+01,2.413912372840942844e+00,2.879717704589104810e-01,3.640082573972901470e-01,-3.776229405962798213e-01,2.377303786529201893e-02,-1.117764031914351107e-02,1.553124006704869053e-01,-1.805083504745351175e-01,5.409667054082097082e-02,-7.222234099967608789e-02,-2.091969750029407937e-01,1.591533137737321385e-02,1.063474358088099814e-02,1.099025833624352926e-03,6.815030983264647180e-02,1.150797542047543630e-03,7.527178083465258830e-03,4.137959967287274665e-02,1.109465930581009837e-03,3.854264348113453902e-03,1.793280347047985362e-02,1.481008092170809417e-03,5.996887646568104663e-02,1.256856286738547391e-03,2.881607312394034864e-02,3.132827771235767444e-02,5.760460319886277422e-03,2.651398055498970230e-01,3.279880990011695141e-02,2.339743913922816276e-02,2.956848914552657748e-01,4.221623138446397444e-03,4.366542524062891339e-02,2.480360593489105536e+00,7.162532296502591711e-01,5.951096109408167134e-01,3.044417394378272634e-01,4.097777218780552233e-01,4.161717647949391141e-01,4.466574212799090948e-01,3.657029088558932384e-01,3.340666199473575348e-01,2.554589141023546062e-01,2.519910846447030450e-01,2.865536998518534162e-01,2.293483341457941138e-01,8.077463959268281132e-03,1.163756169853916254e-03,3.989786033004911331e-02,1.062208215307324736e-03,1.387363721144233702e-02,2.560080689729029441e-02,1.242155203315455829e-03,3.948153186408678676e-03,1.251060907897140126e-02,1.497904376670754472e-03,3.679300080395862815e-02,1.276969438098621377e-03,7.205913411478899119e-03
5.932836853907699770e-02,3.328845774429110664e-03,2.862267221936080741e+00,1.430043774165026815e-01,1.909683074748785570e-01,4.147695874232230073e-01,8.990581386919457504e-03,6.271777003484320379e-02,-2.940703099126328368e+01,2.279467451995956129e+00,3.214126236708133022e-01,3.098917893167424387e-01,-4.289214158333356508e-01,6.671559769955788533e-02,-3.702945163813779056e-02,1.781637202046396085e-01,-1.287549313467254430e-01,3.671468319980543404e-02,-8.562026413408882486e-02,-2.004958762214021362e-01,6.647528742591796852e-03,1.150073217590188122e-02,1.212030602864847461e-03,6.417132883903614582e-02,1.228226277340975937e-03,8.317028101870562948e-03,4.042924014635865954e-02,9.417028268893537458e-04,4.063114900103359517e-03,1.589228545206482213e-02,1.628806747790129518e-03,6.266202824881875189e-02,1.355491672670414280e-03,2.850322773036881654e-02,3.166024141836454309e-02,5.265421947306784395e-03,2.784424458633860122e-01,3.131167985404206128e-02,2.339724957553257836e-02,2.882178469432636336e-01,3.771890857477483514e-03,4.394309408685668356e-02,2.463990329600984630e+00,6.305742519615832320e-01,6.193530950356236353e-01,2.626108084172130708e-01,3.962067455872860244e-01,4.019812011268252827e-01,4.634869703238067573e-01,3.298572967572988013e-01,2.721632122353547789e-01,2.638517971046218102e-01,2.568198968607192656e-01,2.876825898430444561e-01,2.322135356139483631e-01,8.047735549421059301e-03,1.182802110690405351e-03,4.021623771976202272e-02,1.090716270086997076e-03,1.448819271483101079e-02,2.526030207100255637e-02,1.015938615136864924e-03,4.120371524835324782e-03,1.103950882756981819e-02,1.521465413360420169e-03,3.783501620449748054e-02,1.314298656494978157e-03,7.492185707455122426e-03
6.391095976794047839e-02,3.028349993203522522e-03,2.847944908253301932e+00,1.481565581114886454e-01,1.912659712484167662e-01,4.608265205146659937e-01,8.721447229032458157e-03,6.890904509952128221e-02,-2.967511105656572923e+01,2.146380017557475206e+00,3.198774578601336627e-01,2.666146495064881661e-01,-4.738164552851575895e-01,6.748693347423957711e-02,-7.769654021059130278e-02,1.850622021102165116e-01,-9.964794200464334450e-02,2.450337487120440513e-02,-3.999408171930823874e-02,-1.847064495666391748e-01,-4.670755946640473000e-03,1.250341850877271371e-02,1.349445457202330580e-03,5.823076964781687820e-02,1.366065438592296887e-03,9.268298824959296522e-03,3.809968675685043021e-02,1.011348771916231910e-03,4.434876644365812366e-03,1.675675506104148949e-02,1.792456782423935534e-03,6.370227970523402450e-02,1.491352434946429826e-03,2.768200399656579880e-02,3.051101808366222731e-02,5.530167620924491406e-03,2.889841019233902464e-01,2.975282104940297004e-02,2.419787065146146443e-02,2.778630231588189448e-01,3.449071070403760680e-03,4.338873796748431155e-02,2.504989685731387805e+00,5.540017980399536413e-01,6.518339360362025436e-01,2.478452476529657000e-01,3.947535695195991678e-01,4.278477665086350967e-01,4.713277576140529890e-01,3.338945041808022984e-01,2.417716387106878528e-01,2.596318788676140743e-01,2.257406405662945870e-01,2.897951453028410063e-01,2.367127078119345973e-01,8.033951846963776136e-03,1.198022824552423060e-03,3.849068370817394780e-02,1.093787394496539963e-03,1.521628719643004259e-02,2.526183079265996098e-02,1.061637924260270789e-03,4.232452692645407438e-03,1.137576859999434205e-02,1.553248289701639542e-03,3.967510626329227852e-02,1.344167043466107077e-03,7.533695504655500523e-03
6.451612903225806273e-02,2.582355982892158442e-03,2.863236531645946048e+00,1.476231879774999312e-01,1.918840369772289167e-01,4.618109138302582406e-01,8.486286560558848474e-03,7.212347304513201662e-02,-2.987506772620814033e+01,2.051336268539854846e+00,2.027899671515171198e-01,2.668443634957320398e-01,-4.620334589826274874e-01,5.152866364556284856e-02,-3.633781194553823563e-02,1.784147808748260400e-01,-9.178209601306158705e-02,8.906238257249747894e-03,7.270083478103035561e-03,-1.683132521822187921e-01,1.637276293748736802e-02,1.280927025159960507e-02,1.506225507023845360e-03,5.367370157670053182e-02,1.520389797879308658e-03,1.013486945787004344e-02,3.506895644463488282e-02,1.151575713672413001e-03,5.013737712789050754e-03,1.736764613913671998e-02,1.799112135071556651e-03,6.544544268298015111e-02,1.657157622420399106e-03,2.693191300186382683e-02,3.180180158742438451e-02,5.266010219324194878e-03,2.958097560213409638e-01,2.906341490327503385e-02,2.424326597036065289e-02,2.892507452188398109e-01,3.205736618448697030e-03,4.370282318905432950e-02,2.585206809678088913e+00,5.272626869209043887e-01,5.466069736543409663e-01,2.480861659313531864e-01,3.962639083182695754e-01,4.515800225137467927e-01,4.396418324857229720e-01,3.478961767428203067e-01,2.526394645163391184e-01,2.634545993446205658e-01,1.833124166237518060e-01,2.957244361027717705e-01,2.331520391649451740e-01,8.050041767281520405e-03,1.215067095892930545e-03,3.841650715950303135e-02,1.101510660115891842e-03,1.617366553998322853e-02,2.136951399203376387e-02,1.080359250283186240e-03,4.276983629837978473e-03,1.135372716262023941e-02,1.487126669498107850e-03,4.035654290032322095e-02,1.370724061289430159e-03,7.714290735394884260e-03
6.727494979481357662e-02,2.128210702514374102e-03,2.919848039768839332e+00,1.520802489418986991e-01,1.951078922200387145e-01,4.898863773912754405e-01,9.053123191325694596e-03,7.639979068550498131e-02,-3.033577536854959078e+01,1.946653367923401046e+00,5.933460676546162271e-02,2.924027121181644873e-01,-3.792488747573172225e-01,-6.320782181446485057e-03,4.873548622643534417e-02,1.416505404947482338e-01,-1.103422393540347823e-01,-3.614619876770165056e-03,2.137206973920236647e-02,-1.390392596184766849e-01,4.716750285956202576e-02,1.178938241488194580e-02,1.557809730447204952e-03,4.731848173853180073e-02,1.499666641499142411e-03,1.156992536286947232e-02,3.417784219306237159e-02,1.339383108570030767e-03,5.750450062392804297e-03,1.773919727362078397e-02,1.996124924557799839e-03,6.854424684418111702e-02,1.823523859871704076e-03,2.672742866167062553e-02,3.382085861014157147e-02,5.404983811456515186e-03,2.620588720520431458e-01,2.882540430131989850e-02,2.234117053453461843e-02,3.033392573142816295e-01,3.139657804992615226e-03,4.458522944385205633e-02,2.499238167871923100e+00,5.051952412243871926e-01,3.982324526169404022e-01,2.400601387820057164e-01,3.642699179219814898e-01,4.663544152862268977e-01,4.085100201882518323e-01,3.620676845761801044e-01,2.702605751508179166e-01,2.667022368406715693e-01,1.842453447234609076e-01,3.077558862097400927e-01,2.302177472908108202e-01,7.955184498206481838e-03,1.295556099086908608e-03,3.744887199674282879e-02,1.141732377442888696e-03,1.727026934938314523e-02,2.014898590445446738e-02,1.082942116870998488e-03,4.280309462499517353e-03,1.208949791815924074e-02,1.515289728493442829e-03,4.311322970888620265e-02,1.424031487531142058e-03,8.208240921966048972e-03
6.480730771309659022e-02,2.496513968960410723e-03,2.960146268830731398e+00,1.480531570971371225e-01,1.964930756871577366e-01,4.202272253539760527e-01,9.297387984536708075e-03,6.867508908325234418e-02,-3.037351463897149628e+01,1.920948147609434109e+00,2.010229527842869596e-02,2.952252461436780107e-01,-3.268571991285769696e-01,4.529035699330278414e-02,8.455090885073543450e-02,2.041103741544260108e-01,-1.726024495528179770e-01,-1.432312223868316414e-02,2.515248905955394521e-02,-1.649140427771155770e-01,4.358332234770184721e-02,1.208257207163010438e-02,1.498569066467364541e-03,4.338051684128217678e-02,1.418021813514612440e-03,1.347835405024732335e-02,3.793119747441531936e-02,1.407012502171950744e-03,6.497845389353872417e-03,1.801707201220558580e-02,1.696627301079482990e-03,6.936541852498177840e-02,1.923134174507846279e-03,2.707785587260199203e-02,3.467513897682027862e-02,5.946745158155304634e-03,2.249273593794620663e-01,2.937267429228493723e-02,2.423306116987878484e-02,2.072572858992016154e-01,3.197551876331338958e-03,2.802775302406642841e-02,2.665377148660317275e+00,5.175939228514360169e-01,3.767528382869516634e-01,2.598709150897563491e-01,3.698266441454599596e-01,4.636982939560030381e-01,3.853540779916010406e-01,3.725536724989352844e-01,2.498034387266759027e-01,2.624712356446256001e-01,1.936776967381395320e-01,3.172052506767226165e-01,2.374915767665458644e-01,8.298832254018735644e-03,1.194244043381248151e-03,3.399414641604468768e-02,1.056668629098150500e-03,1.868200485612067988e-02,2.033429167206085922e-02,1.164841235464005942e-03,4.343401029784205690e-03,1.278179165742265172e-02,1.089992939344563636e-03,4.719488040858463990e-02,1.525962999367528683e-03,8.020545902233980687e-03
7.250283768444948373e-02,2.513045381896818848e-04,2.949346184030626539e+00,1.562768851171664197e-01,2.009164335255828604e-01,4.840395967200619154e-01,8.013900898024652053e-03,7.511337868480724711e-02,-3.158296807743510470e+01,1.711370091392739212e+00,1.292436968959564392e-01,2.918103535054019093e-01,-2.443215691375874576e-01,2.416228596672577444e-01,-1.298561333989936561e-02,1.247350530349271569e-01,-1.044473083423036186e-01,-4.574840552975253938e-02,5.399357817675697752e-02,-1.001722460664793146e-01,1.747907259639480682e-02,9.909537362658170367e-03,1.875734255921116759e-03,4.171786009112253557e-02,1.475871732691130117e-03,8.551044879179009808e-03,3.744726315887084850e-02,1.322780822237616932e-03,6.216742950865702944e-03,1.883407160083239856e-02,1.912954507965013932e-03,8.209657678026122118e-02,2.244893440948339015e-03,2.856770286563673281e-02,3.589166066632167723e-02,5.034536246763024990e-04,2.446966484294055832e-01,2.754436495120799605e-02,2.159436297308610711e-02,1.917007429298384358e-01,2.256102337664300447e-03,2.852409200018980392e-02,1.653562570046779312e+00,3.848103339715641669e-01,3.105166223102556744e-01,2.686964686034107319e-01,3.088280260441727543e-01,3.392663032807570200e-01,3.315541030555107516e-01,3.382030874194038028e-01,2.438446787793024928e-01,2.650340876597350181e-01,1.678366608899041768e-01,2.860013109224278649e-01,2.058433383400314620e-01,6.846639977286058353e-03,1.126764649498882128e-03,3.451364694421639456e-02,1.000195975455193346e-03,8.239771465774757206e-03,1.931713134054727915e-02,1.154836069619505487e-03,3.654665887628425706e-03,1.296579133690257957e-02,1.036674436865475018e-03,4.595067267123893739e-02,1.584486090862650704e-03,8.206070226269065321e-03
8.502734495924052505e-02,5.310590335142450076e-05,2.905692838104913633e+00,1.674844265868765669e-01,2.061928994107648516e-01,5.386652766559498762e-01,7.791877141004774701e-03,7.915893630179343665e-02,-3.249307669472997873e+01,1.612575661193674570e+00,8.555585338558656383e-02,3.751886896080011136e-01,-1.028242815092419438e-01,2.512879080151035893e-01,5.484769809936283075e-02,5.435170418187498104e-02,-6.737376487079828336e-02,2.401476610574800052e-02,8.823776444978309597e-02,4.291893793128844642e-02,1.069785648244422627e-01,7.762228525543233421e-03,2.122476035103691965e-03,2.943804470446975685e-02,1.392442237868034109e-03,5.334720969936706733e-03,3.858345073295842143e-02,1.554332915598032787e-03,6.279752525728471597e-03,1.988336466792093790e-02,2.237603136905955224e-03,1.013782015357544836e-01,2.178248679076033936e-03,3.139301233654277767e-02,3.647827485713679013e-02,2.713184853006937080e-05,2.675478052652465188e-01,2.508966188147290777e-02,2.012777689722880167e-02,1.953830217902524646e-01,2.568448009752804986e-03,2.806424122852952188e-02,6.164132446925713049e-01,2.915513813570652091e-01,2.978578677548651132e-01,2.291845148258379039e-01,1.988948233838744861e-01,3.514430278255031848e-01,2.570402393964498211e-01,3.500988364248014961e-01,2.185603126444208566e-01,2.037174293087389010e-01,1.797699179513622958e-01,2.053101675566540441e-01,1.659607526862706683e-01,5.413576761632591001e-03,1.218614963314695182e-03,3.067550954356013104e-02,1.012321160227604242e-03,3.121491318485442555e-03,2.118233228088869588e-02,1.296101920941846461e-03,3.547030775296154594e-03,1.425833818852745467e-02,9.782041499455758002e-04,4.218206150294413065e-02,1.728186015830882006e-03,8.058933376674379950e-03
1.038592508513053181e-01,3.355766979336222323e-05,2.857563360286175413e+00,1.835121493918163982e-01,2.200895058301918505e-01,6.113139638713790402e-01,7.003132275221872656e-03,8.843537414965986498e-02,-3.294449450484965780e+01,1.527830682072042201e+00,1.608599850723792593e-02,4.548695408703291587e-01,-4.934415510926802757e-03,2.878122023066254642e-01,1.035157049608736134e-02,-9.684719383236760348e-02,-1.171197966960067921e-01,-1.041346874311666199e-01,-1.150389727891597789e-02,1.476516391556585983e-01,1.125376518685173716e-01,6.810010004815236773e-03,2.825194043883501056e-03,1.681439966037181349e-02,1.311605139792256305e-03,4.925653377974071635e-03,4.721696679903547578e-02,1.861365938191071080e-03,7.111381032512732910e-03,2.031163969297295271e-02,2.442032649388385310e-03,1.002510860286671274e-01,3.045187023173583692e-03,2.992327916142177927e-02,3.884070332233088146e-02,9.279291578188304720e-06,3.097962975775397920e-01,1.768523097832730429e-02,1.268873963870832330e-02,1.884122911970468051e-01,1.944908117310584607e-03,3.128375220948582947e-02,3.990480054176583358e-01,2.301297661985183540e-01,2.954554174105050723e-01,1.962128931883841687e-01,1.232356633183810113e-01,4.302577235509543185e-01,3.068824518138796864e-01,2.347176691062566878e-01,2.339024838416488006e-01,1.212776886690760253e-01,1.375236345682219752e-01,1.442921953479582853e-01,1.756820775194313233e-01,5.281767352053249980e-03,1.241608482615993774e-03,9.451211486536138795e-03,1.195234552460374853e-03,3.568022554955811894e-03,2.443266721569325658e-02,1.357337310287477046e-03,4.411992249708254071e-03,8.810891807259619776e-03,9.966012681644567401e-04,3.598472153761206327e-02,1.875524730448076749e-03,7.236057079996353024e-03
1.884222474460839902e-01,2.239397328700341820e-05,2.222836042403760093e+00,1.798210023998656759e-01,2.173847389569226740e-01,5.131866933974081890e-01,7.564974166578296647e-03,6.349206349206348854e-02,-3.377101193474310747e+01,1.762331808321981885e+00,4.531857556270935117e-01,6.004098835195254003e-01,-1.627186067001487879e-01,-3.781720696735360598e-01,-1.392404179516554819e-01,3.453137704990863477e-02,-5.177131351261242409e-02,1.492175632620150287e-02,2.153270608280662413e-01,2.968143472300611152e-01,3.424393375577387544e-01,2.165821650269412601e-03,2.606607251557863884e-03,7.363057591602806783e-03,4.874545569614164523e-04,2.000253761560134413e-03,4.337326336755858991e-02,9.342399057801855679e-04,1.830988873225541111e-03,2.354575826855757198e-02,1.098740339088749877e-03,1.492603731468160888e-01,7.953407766892343694e-04,4.099808234769077714e-02,0.000000000000000000e+00,0.000000000000000000e+00,0.000000000000000000e+00,0.000000000000000000e+00,0.000000000000000000e+00,0.000000000000000000e+00,0.000000000000000000e+00,0.000000000000000000e+00,0.000000000000000000e+00,0.000000000000000000e+00,0.000000000000000000e+00,0.000000000000000000e+00,0.000000000000000000e+00,0.000000000000000000e+00,0.000000000000000000e+00,0.000000000000000000e+00,0.000000000000000000e+00,0.000000000000000000e+00,0.000000000000000000e+00,0.000000000000000000e+00,0.000000000000000000e+00,0.000000000000000000e+00,0.000000000000000000e+00,0.000000000000000000e+00,0.000000000000000000e+00,0.000000000000000000e+00,0.000000000000000000e+00,0.000000000000000000e+00,0.000000000000000000e+00,0.000000000000000000e+00,0.000000000000000000e+00,0.000000000000000000e+00,0.000000000000000000e+00,0.000000000000000000e+00
