7.782065834279226768e-02,1.293384206084458726e-02,3.022673452809893746e+00,1.680614160811583213e-01,1.904371032846266243e-01,7.870623640939985455e-01,9.563703748016363915e-03,1.130612244897959279e-01,-2.826231185811156976e+01,1.353945425743612763e+00,4.132627115971203025e-01,1.925031389778320834e-01,1.250192076427346644e-01,-9.312385746051395075e-02,-2.472897657950972328e-01,-1.429613565959926558e-02,-1.689767730279183866e-01,-2.281417713155430571e-01,-1.989157412512231327e-01,-1.276704802432834795e-01,1.542388609718738828e-03,9.754982229133299723e-03,3.438813424725447720e-03,4.792472103412073747e-02,2.784589221807379396e-03,4.915375226046480618e-03,6.089457688446051759e-02,1.534973225503109048e-03,2.587661900019141027e-03,7.138579871291240476e-03,2.577211211660141495e-03,3.979033112382085458e-02,2.795265380181393214e-03,2.884632570139675917e-02,4.813310309216792260e-02,2.190528530916157485e-02,2.908833986068839472e-01,4.812510147246371744e-02,2.972541280657643725e-02,5.467579147111555349e-01,7.975420993644033799e-03,8.973864959568159105e-02,3.518735523231127260e+00,1.104997647901476032e+00,5.108944884651427376e-01,5.454990283825533748e-01,4.024844667682004329e-01,3.944114373030039866e-01,3.825700102007859593e-01,3.367240793318041492e-01,3.597473015761536441e-01,4.206195111114903185e-01,2.738396790156591432e-01,2.815640861786410376e-01,2.387924103838684475e-01,1.730568890528397588e-02,6.867343550196702145e-03,5.400213230128916853e-02,3.572193450253878001e-03,4.816739115024427052e-03,5.161044337078110611e-02,1.690452172018626614e-03,2.956459049645327603e-03,5.306679578208766367e-03,3.087731223847881012e-03,4.058181186910032184e-02,2.409529595865997267e-03,1.415795973123065363e-02
6.964812712826332075e-02,1.382934952044264157e-02,3.050356172783407871e+00,1.576589373666860694e-01,1.838954032207707756e-01,7.260918010218446739e-01,9.997061478162984696e-03,1.110657596371882189e-01,-2.747039784212168811e+01,1.482857180212890258e+00,4.916564697938508033e-01,1.430227417931246026e-01,1.210298291576094032e-01,-1.158950318293838905e-01,-2.261769826918357262e-01,2.206038200722337805e-02,-1.274368385919812940e-01,-2.434341429784607491e-01,-1.747747711855403008e-01,-1.325353281813008710e-01,1.532181811047639806e-02,1.023458209406945610e-02,3.347604273813675410e-03,4.933670486422886414e-02,2.353071050615731640e-03,5.935128135452292196e-03,6.049022080346858066e-02,1.316550904742121815e-03,2.296035203540029972e-03,7.602688174063673872e-03,2.479686576380665461e-03,4.135056607491813252e-02,2.596893779164455903e-03,2.933692256651107208e-02,4.282449101980850825e-02,2.163671210616308072e-02,2.602805046788398968e-01,3.420888425544901107e-02,2.398240018655684730e-02,5.271995254825129207e-01,7.825624864331930455e-03,9.024657295573831894e-02,2.374502802402254531e+00,1.116708404063541105e+00,5.002718765949505375e-01,5.764561843831467192e-01,4.303849184386809856e-01,3.908308369024758311e-01,3.824142954746397316e-01,3.649853880291399344e-01,3.614422570475740448e-01,4.144595519153837504e-01,3.050743826879744325e-01,2.648936549055773138e-01,2.523392507624436787e-01,1.722188019310280302e-02,6.876926828600860887e-03,5.362266138043150776e-02,3.012953976359707131e-03,5.814971302678901416e-03,5.195640785247249149e-02,1.557374401042876466e-03,2.694719045651448267e-03,6.002274110559386450e-03,3.045325570589823422e-03,4.107975825693579303e-02,2.418350238523392544e-03,1.370341083558799557e-02
6.256526674233824081e-02,1.398299370854851065e-02,3.045475800486270757e+00,1.548589602003912769e-01,1.825808302269245065e-01,6.867844180710206414e-01,1.006009176174515844e-02,1.063038548752834461e-01,-2.722500912154076858e+01,1.541387994214964863e+00,4.985715637815025247e-01,1.729785754966862987e-01,1.509886846610094535e-01,-1.163445068291054513e-01,-2.181961981481558843e-01,2.422333807602296621e-02,-1.037065218151786844e-01,-2.539698206225046717e-01,-1.422122129261679246e-01,-1.531127715555136715e-01,-2.801572033086167229e-02,1.050614588814667572e-02,3.267488777934216427e-03,5.172991817330971354e-02,2.471996366105459059e-03,5.804186273398225307e-03,5.729856799801148065e-02,1.309416280087310862e-03,2.474226475451298934e-03,7.478155273785053007e-03,2.597762764013843931e-03,4.561440956219166287e-02,2.208246033316960816e-03,3.010915142711353271e-02,3.941739779663115673e-02,2.155042777052861708e-02,2.605032782336142994e-01,3.281555271751748076e-02,2.410109138566681602e-02,5.120093932554596883e-01,7.915444746707162027e-03,8.841285834657951204e-02,2.168943881557954700e+00,1.087089094568552960e+00,4.879798570796392565e-01,6.175141566850101960e-01,4.536214253437555466e-01,3.824834500589336939e-01,3.886836310045105325e-01,3.660543871291705442e-01,3.522232488149267815e-01,4.091604356013127108e-01,3.161626872440364000e-01,2.423698727349150317e-01,2.599545554042083095e-01,1.725050150684407507e-02,6.893061928233847231e-03,5.250741937477691745e-02,3.048293195711544723e-03,5.448838756461401450e-03,5.286066445999783314e-02,1.645243002279527271e-03,2.996055810164174101e-03,6.055815878264150624e-03,3.236896272719558265e-03,4.642925567474145976e-02,2.177071364754002650e-03,1.378395706447988617e-02
6.465380249716230765e-02,1.299907473086147486e-02,3.028086858264780190e+00,1.561605336513249565e-01,1.845697131824541593e-01,6.995575410373245928e-01,1.033935452041837531e-02,1.102040816326530503e-01,-2.728968450273659130e+01,1.545479038814497441e+00,5.324086649672140625e-01,1.647127359420588744e-01,8.712624806125461585e-02,-5.555022052880564248e-02,-1.886644463557606011e-01,4.152045094521403940e-02,-6.700013934813703331e-02,-2.398851406124579422e-01,-1.231135236878699996e-01,-1.752791291019071551e-01,-3.006302618760879619e-02,1.233866195149006806e-02,3.291668629192020731e-03,4.182059151324996060e-02,2.416404104337144428e-03,6.110360421079957804e-03,5.707455341885836475e-02,1.307530843046882845e-03,2.537921891630043943e-03,7.666642475795538807e-03,2.755756828340139367e-03,5.160178267443092659e-02,2.191763094496307698e-03,2.840262200103524370e-02,4.040860105344244030e-02,2.163074024247732194e-02,2.263774759921436119e-01,3.284089117783568768e-02,2.523205635814876335e-02,5.173515640177567265e-01,7.811085161617476076e-03,8.926755385264104059e-02,2.173684450681789837e+00,1.086897176999817471e+00,4.996626714822072213e-01,6.122591069102749639e-01,4.272892298989798832e-01,3.806391230317877628e-01,3.750641536275525212e-01,3.823510555465303717e-01,3.740198786142095999e-01,4.208085776001561085e-01,3.022294841371108709e-01,2.539004895646770343e-01,2.688425608148695134e-01,2.068811650344521205e-02,6.884067632937154735e-03,3.031110428716762145e-02,3.075514368872968741e-03,5.336855438542687999e-03,5.278711546313768349e-02,1.658109181296177782e-03,2.991470577929608663e-03,6.052715077626938042e-03,3.244168921858353507e-03,4.798674639645845313e-02,2.167043690763061341e-03,1.171777918162950072e-02
6.072644721906923782e-02,1.325961315190587499e-02,3.015672791711606404e+00,1.529815537518390001e-01,1.856776359243489938e-01,6.428364781838330488e-01,1.056672549501056282e-02,9.972789115646257807e-02,-2.721545669915691334e+01,1.759622952232576365e+00,5.213412955010077177e-01,1.129283488236080546e-01,2.232709684153380558e-02,-4.131467113509551536e-02,-9.606740996777068942e-02,8.358369527315502590e-02,-1.758142555027349466e-03,-1.661030625587466558e-01,-1.069648406233409538e-01,-1.240710645083368535e-01,-6.343665201786506669e-02,1.223193090883745865e-02,3.054015770817579238e-03,4.453280261706080850e-02,2.082605051084720181e-03,7.267135332628029375e-03,4.764767400118296442e-02,1.194266712345494908e-03,2.691638572679037108e-03,8.236912831855812411e-03,3.200414635141373039e-03,6.076731642319835314e-02,1.892064037402424416e-03,2.814876749380356910e-02,3.981844643728826155e-02,2.159687212960045843e-02,2.197920453484056846e-01,3.433412050350172218e-02,2.440151156739963842e-02,5.101466153882957544e-01,7.815469125249318097e-03,8.999895733283769239e-02,2.209860882331724952e+00,1.008205715187128648e+00,5.396629611211006816e-01,6.137251930611448136e-01,4.049106337025355495e-01,3.745120130930741920e-01,3.154330375861142954e-01,3.329880774387545816e-01,3.611537629666242699e-01,3.882844342170354568e-01,2.958993269966137540e-01,2.756872957205532826e-01,2.728043997620192562e-01,2.069459289553495993e-02,6.886659179553341649e-03,3.029270264725067094e-02,3.006604760626036509e-03,6.451239788377623706e-03,4.732610476998677651e-02,1.658792605082403532e-03,2.997801984466866125e-03,6.679781330508338666e-03,4.028172142207875686e-03,4.806833444386585108e-02,2.084429737679517787e-03,1.115980579820059597e-02
5.402951191827469468e-02,1.302840385963273569e-02,3.008742699646095975e+00,1.457388856641182728e-01,1.846678770066619846e-01,5.511418156120668765e-01,1.079438605961802709e-02,8.544217687074828760e-02,-2.725663625008921542e+01,2.085799102998820320e+00,4.648911214388081192e-01,5.349835354953214051e-02,2.907793306454864099e-02,-6.092811243331092141e-02,-8.718451101602270326e-02,1.304983882644821791e-01,2.641451179506837388e-02,-7.320247071246777093e-02,-1.267704814085541809e-01,-8.808534757324125442e-02,-7.677217851287625183e-02,1.180352151210273780e-02,1.220872060165904827e-03,4.820670795977839707e-02,1.467215188168799565e-03,8.475117887313839485e-03,4.411090051588325428e-02,1.018834281600622524e-03,2.270128944480399868e-03,8.627197802383003433e-03,4.020288557692494082e-03,6.997736180553840168e-02,1.625858330918796045e-03,2.968803751987097311e-02,3.774525679544379203e-02,2.159158411822561033e-02,2.173560686573608458e-01,3.767325224499797759e-02,2.584561236678523458e-02,5.097502022786919440e-01,7.724682486368435186e-03,8.590297052441209225e-02,2.154597815014305251e+00,8.431812031548170383e-01,5.913503060687278490e-01,5.439922944760935408e-01,4.067927484053938669e-01,3.411360631431659685e-01,3.016349025210877111e-01,2.930680142188684667e-01,3.453499499927090155e-01,3.163019784483376839e-01,2.928596679162342453e-01,2.688238241811193863e-01,2.741756503073950468e-01,2.080733590961115695e-02,1.571277514563043697e-03,2.959489644837381972e-02,2.145380778066965140e-03,7.884970449269801743e-03,4.707687711808762610e-02,1.508686726975171435e-03,2.830950439885534294e-03,6.832570441297030651e-03,6.884836246887362197e-03,4.722699223617436021e-02,1.837584379492444376e-03,1.030339980420854999e-02
4.676503972758228739e-02,1.367916880701191065e-02,3.025902072523826813e+00,1.346046500858006645e-01,1.800028376229858562e-01,4.449127412440948559e-01,1.097684278673221984e-02,7.038548752834467015e-02,-2.711010267421845654e+01,2.345545978603579051e+00,4.530049397494208541e-01,7.192549421154174893e-02,8.343667228587586804e-02,-1.159993616977488401e-01,-8.572374503609500596e-02,1.712506794049537262e-01,5.479740204674443714e-04,-3.994708386170078840e-02,-1.320760972994391158e-01,-8.921851944381527233e-02,-8.584533537146338267e-02,1.129332093658886454e-02,1.026717444938873630e-03,5.593445696926958866e-02,1.224367926832143662e-03,8.593447498131479359e-03,4.078936711365457879e-02,6.926821389446449805e-04,1.594384216937592361e-03,8.124514344145981892e-03,4.130134988779689785e-03,7.718129973337008176e-02,1.178040621258916697e-03,3.169481270447358640e-02,3.690578545506653652e-02,2.130416048788911013e-02,2.058717616895667235e-01,3.980604994173666394e-02,2.905278324009354790e-02,4.695492277602421605e-01,7.601426591595898674e-03,7.733584608119016546e-02,2.094176556567584502e+00,8.698832636030842114e-01,6.147987503179351831e-01,5.535704469468244460e-01,4.346462921802473622e-01,2.896336404234138850e-01,2.890393415607634964e-01,3.022369224857709979e-01,3.575814326122329634e-01,3.301848885636874953e-01,2.911417728470402921e-01,2.764988451397988878e-01,2.674480452873229663e-01,2.095237337745155248e-02,1.147305526596536064e-03,3.014478845124681297e-02,2.139411476266709581e-03,7.982153308716356810e-03,4.660255642306602303e-02,1.040384701886496940e-03,1.978973636723684818e-03,7.069930316981457019e-03,6.765744075054830158e-03,4.668613878363977315e-02,1.193224173297813056e-03,9.183961753376180051e-03
4.778660612939841790e-02,1.027345686939162318e-02,3.023118634948725791e+00,1.349089012314191316e-01,1.804662875647219389e-01,4.517022450606378858e-01,1.057940100512240120e-02,7.287981859410430641e-02,-2.742307953767710416e+01,2.319853156475053968e+00,4.139208139582772339e-01,1.070373957285262745e-01,1.442510781123877150e-01,-5.021307736399451688e-02,-3.113064888548620901e-02,2.185454706809738523e-01,-8.220196663689529476e-03,-8.154022529644994882e-03,-1.219505132364153976e-01,-9.026976788259347129e-02,-8.299102099444395642e-02,1.198664545517651517e-02,1.213028269721517583e-03,5.570628697891707309e-02,1.303641423356665394e-03,8.851655554485105340e-03,3.413962853801578295e-02,1.054532443636482103e-03,2.115083307413929189e-03,7.667260603945911038e-03,4.111808558789562147e-03,8.273093702807653160e-02,1.336262891774783529e-03,3.074549398645259196e-02,3.412723480139361748e-02,1.909446255352921160e-02,1.937951970463760443e-01,3.910255552437363197e-02,2.808543815311203770e-02,4.374728275738256622e-01,7.553117797689323266e-03,7.480245492919650185e-02,1.971415046516791447e+00,8.324114470704270241e-01,6.404717808579091232e-01,5.670726255068878618e-01,4.153775361685259071e-01,2.902453950918178482e-01,3.138562106820514397e-01,2.993787917634452844e-01,3.764761269196928439e-01,3.108746635222789378e-01,3.082862155022028094e-01,2.786378898123776926e-01,2.724679842301528931e-01,2.109486546742363189e-02,1.506275728371702640e-03,2.845066051304587923e-02,2.161604008896658279e-03,8.083990465789227600e-03,3.590973313897805053e-02,1.692609964534593989e-03,2.678716278236981455e-03,6.654991445202410386e-03,6.758979797249541586e-03,4.350665239481675550e-02,1.341849286041238432e-03,8.487955217030437177e-03
5.377979568671962390e-02,8.632038666206738944e-03,3.012232733957786568e+00,1.393233406333727886e-01,1.772764316999852208e-01,5.388392310865494084e-01,1.038797720723161518e-02,8.870748299319726471e-02,-2.752610570992574424e+01,2.148062379838155067e+00,3.655768787783360008e-01,1.032127506861899163e-01,1.580832967904257647e-01,-3.200884602430440623e-02,-1.828066874955298557e-02,2.254372819430353059e-01,1.724448516066292431e-02,3.193099628459927092e-02,-9.285206561108103052e-02,-9.433122489505622876e-02,-1.116497110417574851e-01,1.268027740196805801e-02,1.656242637215001512e-03,5.279673565560802362e-02,1.933476010979286001e-03,9.575918340405798271e-03,2.433473126173515966e-02,1.277146582830373427e-03,2.465726453794475203e-03,7.589445831131367073e-03,4.856037617920806217e-03,8.459687691140420351e-02,1.605802685676475158e-03,2.872449538406134095e-02,3.483022675055214012e-02,1.847974353018624200e-02,1.909882847400689032e-01,4.128667906996493636e-02,2.613456966025854561e-02,4.754202573968177026e-01,7.511425594703352061e-03,8.421542801850137594e-02,1.908387624972413432e+00,8.904048881862789422e-01,6.617843131875114082e-01,5.670541652815935807e-01,4.199677376387150329e-01,2.823261633872142240e-01,3.096807198322965027e-01,3.188969790338967991e-01,3.622329821832775965e-01,3.020018910822777625e-01,3.107562443051036793e-01,2.930193254383567925e-01,2.737342623302279065e-01,2.096325419069149446e-02,2.239748161295674039e-03,2.813968769833826919e-02,3.191949284878307491e-03,8.652130044833580488e-03,2.066848482313963717e-02,1.765745579958991410e-03,3.312220769764119034e-03,6.616823474130830926e-03,6.882644015427668953e-03,4.203849339689925274e-02,1.754122827972086612e-03,9.158730027352091421e-03
5.132803632236095787e-02,8.719198426203609784e-03,3.025593744149986275e+00,1.383383030224684118e-01,1.763390031527259372e-01,5.371158766727224254e-01,1.013143952355520863e-02,8.766439909297053801e-02,-2.726818180175533612e+01,2.118910556783111687e+00,3.619804758829869296e-01,1.573118385230883598e-01,1.954643023590714179e-01,1.524903627064262343e-02,8.436347695604872604e-03,1.952828373110777060e-01,4.490751187804505051e-02,3.121238611932394130e-02,-8.076943841788919443e-02,-7.312310812437090857e-02,-1.467561461688565438e-01,1.290687600527574107e-02,1.888389050935134015e-03,5.038858210078019095e-02,1.995761324066870970e-03,9.197564865407990148e-03,2.017681658295867805e-02,1.244856314442030270e-03,2.600124795622217513e-03,7.396674242107343505e-03,4.934163690307124053e-03,9.028527969620168958e-02,1.863914793449888193e-03,2.926699610898375950e-02,3.329563598499060695e-02,1.844288830132411253e-02,1.918815717476025362e-01,4.090844888696613946e-02,2.511179169851830706e-02,4.631836266989909912e-01,7.607685681406049089e-03,8.071366060814565146e-02,1.586669547615285669e+00,9.020795300245646464e-01,6.488558412775623507e-01,5.731336704693287265e-01,4.189483939414085367e-01,2.719319432702725914e-01,3.143082121726340494e-01,3.336507560794144123e-01,3.498258820338711050e-01,2.980918388425163323e-01,2.999838315546684009e-01,3.113490167976216139e-01,2.728302994144802818e-01,2.087557635375734966e-02,2.346352351126034397e-03,2.924269683477157336e-02,3.182106637292541305e-03,8.791842102331534972e-03,1.295657321853027621e-02,1.771973271326103766e-03,3.332720696893734513e-03,6.382496681912622379e-03,6.855969171971228009e-03,4.219758774259810968e-02,2.118036025806502992e-03,9.241530244277958508e-03
5.223609534619749056e-02,4.371188272301148453e-03,3.011066355130391337e+00,1.360186309985461917e-01,1.749256061636525750e-01,5.256903361351655812e-01,9.228784080805751272e-03,8.535147392290248769e-02,-2.769265117887026051e+01,2.006210152161395754e+00,3.203730958865839695e-01,2.683074680864176997e-01,1.998555275780899143e-01,7.247034894462095478e-02,2.574962318258710789e-02,1.755119690336495730e-01,3.213803598242637172e-02,8.900528807498314741e-04,-7.725838816491591154e-02,-3.330386342216308526e-02,-1.319637227093237442e-01,9.618453799385072792e-03,2.089921754350681105e-03,4.749129211003876722e-02,2.262127945395019275e-03,9.220279371348666722e-03,2.113670744989806782e-02,1.349867905414865515e-03,2.679032525370049576e-03,7.573818596218252243e-03,5.118276069535940102e-03,9.357821462435048088e-02,2.310113990756276423e-03,2.914192312913478980e-02,3.020617941880128846e-02,4.709930592988612399e-03,2.670896586304707387e-01,3.704174144547954517e-02,2.459833391545378223e-02,4.154502393227774149e-01,6.420565650607990699e-03,7.000857541347453583e-02,1.430028353930662632e+00,9.838020311590046640e-01,5.916866211696889533e-01,5.119866481142864023e-01,4.067459672638285006e-01,2.757813343507125037e-01,2.877639214963854108e-01,3.354038287705534693e-01,3.473846071491235588e-01,2.822565440140097359e-01,2.931535492723776892e-01,3.028299225566525865e-01,2.658727124604579051e-01,1.335728861328606097e-02,2.437606088911160700e-03,2.990251212815807358e-02,3.083730775133131964e-03,8.689755203111987694e-03,1.254084217113659097e-02,1.830478401995354505e-03,3.336394322801048817e-03,6.445471914703748868e-03,6.843078847410023063e-03,4.005350211555747802e-02,2.675913431545680950e-03,9.247975418566400582e-03
5.430192962542564755e-02,3.476234146665020761e-03,3.001658943440605576e+00,1.368417585620317345e-01,1.784315756468367598e-01,5.079083103625429141e-01,9.308638015577581915e-03,8.281179138321993760e-02,-2.818897787399761157e+01,1.946674032632272899e+00,2.029049758136270420e-01,3.336272923443038274e-01,2.057587966115769496e-01,8.963002406694420277e-02,3.254617002757072275e-02,1.375178530016096523e-01,2.161375115244769385e-02,4.028242798526157631e-02,-8.633653960556079976e-02,-2.723596536735499452e-02,-1.443934385560928790e-01,9.945416516801745821e-03,2.114655404790477186e-03,4.520568592469517005e-02,2.238113189449727081e-03,8.729601499970728040e-03,2.458866783686584900e-02,1.379909019133483770e-03,2.870776177980382399e-03,7.041820458589404148e-03,5.453489151214581387e-03,9.380924871943213672e-02,2.312936135795143604e-03,2.941019485966306704e-02,3.093267444536078326e-02,4.114966012586314219e-03,2.736950088815108817e-01,3.742249859723485728e-02,2.607250790168252549e-02,4.109249423766950238e-01,6.663360922416097613e-03,6.772303879400666526e-02,1.682134898083111230e+00,9.738023072950525716e-01,5.678053640406481861e-01,4.607776235899700423e-01,3.605824197565232203e-01,2.589782503135309999e-01,2.843154739332031666e-01,3.232683449522327779e-01,3.467021867555652448e-01,2.955839429602957202e-01,2.748147849039011548e-01,3.015803271443150968e-01,2.530280129383723486e-01,1.374185441335506151e-02,2.424448306173794272e-03,3.119182984858269447e-02,3.078357880556801401e-03,8.437176050486423426e-03,1.647325722766454503e-02,1.828997208888984410e-03,3.317971706662245935e-03,5.880060462026507652e-03,6.926798525596610141e-03,4.136671066817673020e-02,2.741924212732944292e-03,9.482593027818009279e-03
5.786511539916761038e-02,3.443003267564078568e-03,2.995405045975317648e+00,1.353397623490464052e-01,1.800173022777143694e-01,4.680037773199190454e-01,9.435048514978247244e-03,7.766439909297052913e-02,-2.833215902452592516e+01,1.981924119472676216e+00,1.311012007260153323e-01,3.373430871984946511e-01,1.368785774323063031e-01,1.147366397116565961e-01,2.374423882263672000e-02,1.135800610849923703e-01,2.365340560186303051e-02,6.840002832856066639e-02,-8.739826752261092846e-02,-2.078656450701383759e-02,-1.296111391395194101e-01,1.038839090441952100e-02,2.230079822424859814e-03,4.421041821827240842e-02,2.143031842180653009e-03,9.003145459601848491e-03,2.574672183118726157e-02,1.305341989789686637e-03,2.672941110617620391e-03,7.388023030380174577e-03,5.580727604172445316e-03,9.261902345800816783e-02,2.403997274813218787e-03,2.927621408833298855e-02,3.475245586260385794e-02,4.218447167792554325e-03,2.860674956469544949e-01,3.734714086629917218e-02,2.779385217454977478e-02,3.739443908149482909e-01,6.618970821069144160e-03,6.483354328140411571e-02,1.780763372115868215e+00,9.827323180920181089e-01,5.446500021273991132e-01,3.981939029596889834e-01,3.621550225434516102e-01,2.695805091577240797e-01,2.904582766120218928e-01,3.220415125751329155e-01,3.504001388183231591e-01,3.147089162443112431e-01,2.704369396638799938e-01,3.084781861300118777e-01,2.492924365863922742e-01,1.472089756639891403e-02,2.449183003050887843e-03,3.242690826797416798e-02,3.090808784233147182e-03,8.484028310928417790e-03,1.677097488039409195e-02,1.715439804575027288e-03,3.104269576721498895e-03,5.873959146720356128e-03,7.010141377244363467e-03,4.109562105258056375e-02,2.751377447673119658e-03,9.301528845591456110e-03
5.833751286856902335e-02,3.183824201328230592e-03,3.018051004614383803e+00,1.345728549610227809e-01,1.784293718651032701e-01,4.757096824643993749e-01,8.137688718936645152e-03,7.947054790908610056e-02,-2.840461974382133192e+01,1.947718667297647199e+00,3.702651451554763579e-02,3.889870309736753184e-01,1.538973107890368730e-01,1.030833358976192549e-01,4.203347056358216344e-02,1.124934185114652985e-01,1.766745488519993329e-02,7.558645140996000933e-02,-6.939465609820279213e-02,1.487830183997552319e-02,-9.935620102138328913e-02,8.648980578811422959e-03,2.438349232040348119e-03,4.041729877430234180e-02,2.346700173526720511e-03,9.574104276290476556e-03,2.611065177878578100e-02,1.388063792331478783e-03,2.830257324575438226e-03,7.491398721496453535e-03,5.991112532115296097e-03,9.418308103236820716e-02,2.563309653713574318e-03,2.884398816775681981e-02,3.350682887220448464e-02,3.783868255779266818e-03,2.877903582163711116e-01,3.799526541049860068e-02,2.758874169395779744e-02,3.691901130377087115e-01,3.693761361323538630e-03,6.218848752780976874e-02,1.840145270606631245e+00,1.028936693946021164e+00,4.884187948440088523e-01,3.578621855555159659e-01,3.666788162840943777e-01,2.793841007353560779e-01,2.843320122318508392e-01,3.143741948151573262e-01,3.358807098146646131e-01,3.226025389433298529e-01,2.711866793100939921e-01,2.920941646539805814e-01,2.246374024667202873e-01,8.944152791481960185e-03,2.501320984378902195e-03,3.137322525132585360e-02,3.203471847478752375e-03,8.725955219312648420e-03,1.625329964281313488e-02,1.776781160976200098e-03,3.212594428047416562e-03,5.955366281347369145e-03,7.254082884931581376e-03,4.022244484605574238e-02,2.862102321004061489e-03,9.535642260831953682e-03
6.069657685644305051e-02,2.354472079362338998e-03,3.004671563422697922e+00,1.360184465744155857e-01,1.800192055256351065e-01,4.843774045024772934e-01,7.971149945061432179e-03,8.342284282133906326e-02,-2.872570552082612139e+01,1.902355987029530793e+00,-3.427358282770807257e-02,4.690634667844552630e-01,1.935827379022659611e-01,1.146144595241015418e-01,3.299505904244549870e-02,1.403659420440653283e-01,-1.129588161894517877e-02,8.354945093770259346e-02,-6.205777807647216981e-02,-1.704295898446298030e-02,-8.237465080058770095e-02,9.356729868570258513e-03,2.554567721244710866e-03,3.909287287093771157e-02,2.634619830738236385e-03,8.898816119873380684e-03,2.716424118107674257e-02,1.516138430690157574e-03,2.855801013314027657e-03,7.217721508194181040e-03,5.798492623089460812e-03,9.341418599206105511e-02,2.814998935565308363e-03,2.871680589887240162e-02,3.462561303799315676e-02,2.785399281333626569e-03,3.010401839018977399e-01,3.973092353743969130e-02,2.828209811303542334e-02,3.827509214227198253e-01,3.495776822400349561e-03,6.357758952205540270e-02,1.687131119419665426e+00,1.070112179160121801e+00,4.050626674203157140e-01,2.949078907201317934e-01,3.674913785385804377e-01,2.907050501550975108e-01,2.817408036288307493e-01,3.155191706395781837e-01,3.429148777736400477e-01,3.300031772657910922e-01,2.817942339830752374e-01,2.875976418442003357e-01,2.181555887840077590e-01,9.255800300736638508e-03,2.626710200937914727e-03,3.193180207449519692e-02,3.301302397490684781e-03,8.436737599215170247e-03,1.661704849714517110e-02,1.849642171036970260e-03,3.357874332275166424e-03,5.180985306194946932e-03,7.355074013582383989e-03,4.203226890934155802e-02,2.949502682960606151e-03,9.956966257217666691e-03
6.507756337495271270e-02,1.808485117188757697e-03,2.984619406683397091e+00,1.411289461482776453e-01,1.820870678484722838e-01,5.399614167544012355e-01,7.883189408621631838e-03,9.084037655466227490e-02,-2.900762972642688098e+01,1.716199351502566639e+00,2.092448870862834848e-02,4.746563202734013776e-01,1.838494248904918027e-01,1.409907892051679434e-01,3.305171536501943369e-02,1.395581859936620706e-01,9.402788367136949779e-03,8.568023142318857699e-02,-5.893770031188955844e-02,-3.015567273049706704e-02,-7.620190470081220080e-02,1.009944703206258274e-02,2.869821128554517990e-03,3.696567969510893004e-02,2.815162608902916329e-03,7.267950772728774649e-03,2.858524767180406143e-02,1.703569316197881944e-03,3.161191444956883232e-03,7.032636541299653633e-03,4.740808691699923902e-03,9.204157500247280022e-02,2.936310038958759097e-03,2.834582829663330472e-02,3.497155730665817142e-02,2.464735936737805395e-03,3.143625766086265982e-01,3.781171289873192648e-02,2.727306603632777965e-02,3.797568036786831414e-01,3.660055324953019520e-03,6.499564346566756579e-02,1.627774654438581381e+00,1.022867038782877991e+00,3.997390405112480338e-01,3.025868389238690614e-01,3.813006085949237067e-01,2.996505787627480877e-01,2.899609805178347544e-01,3.321573312544202627e-01,3.425165371486217358e-01,3.399642828325422639e-01,2.865365161753997136e-01,2.989247612607427440e-01,2.194468935675632504e-01,9.624939479088183078e-03,2.680117377994351187e-03,3.241725374461389142e-02,3.464113738621769217e-03,6.558473092938331937e-03,1.735051474574054661e-02,1.916108977965292866e-03,3.494105112641604765e-03,4.978731967168643913e-03,4.310508184056960866e-03,4.342090466870227039e-02,3.070257873388976006e-03,1.042405409428118039e-02
7.369871898816279798e-02,8.846855385894138082e-04,2.954905592886061694e+00,1.538071900456758900e-01,1.897011031707389606e-01,6.294610101383357748e-01,8.117222588647122691e-03,1.025267249757045585e-01,-2.927533135401580466e+01,1.379200199038087771e+00,5.284475344310689271e-02,4.486911330344935389e-01,1.179327123939938188e-01,1.827060549093395270e-01,3.644869479440769611e-02,1.028603121448846275e-01,6.577235439502565617e-02,4.231183673962307656e-02,-7.956263940021877923e-02,-2.027622484112625093e-02,-8.579935063458751787e-02,1.150139131216262878e-02,3.139123901151363340e-03,2.706897880359581537e-02,3.298142589172361940e-03,7.397017107601521965e-03,2.991344477277716254e-02,1.978874622245943831e-03,3.643838898061397321e-03,7.864377455886398596e-03,4.216990548012557530e-03,9.000425269193935984e-02,3.441727142680754692e-03,2.695180471953221094e-02,3.065889386187966095e-02,1.081024502911399031e-03,3.312116975490356774e-01,2.472062768690258538e-02,2.173726686145022874e-02,3.421706763053826705e-01,3.884069906777622150e-03,6.377014955797494222e-02,1.596361838807911937e+00,6.921319938301752073e-01,3.806778034272498279e-01,3.186707688269699856e-01,3.680353240098002687e-01,2.960553186314688889e-01,3.129782827796561695e-01,3.213860424344133770e-01,3.324809096727865954e-01,3.495434460458839432e-01,3.016713905085156577e-01,3.111712293163068632e-01,2.284176795047073438e-01,9.799054326628800146e-03,2.803336549990304190e-03,2.367426951158868587e-02,3.550036786508552634e-03,6.746221612373246024e-03,1.846329932128787377e-02,1.955324708036628931e-03,3.580600973685755042e-03,4.938604108820203800e-03,4.004017656426730153e-03,4.593400465121696974e-02,3.069779827601133368e-03,1.065794331722085507e-02
7.481616739870700084e-02,6.104161536572966489e-04,2.950303962534167823e+00,1.518784621060058626e-01,1.875527405533492509e-01,6.283350717734863533e-01,8.005552728247598490e-03,1.028295376121463045e-01,-2.959156121422941510e+01,1.289643867184947501e+00,1.207439776535441517e-01,4.646606139732106788e-01,9.276357484665798125e-02,1.571776481502666079e-01,-3.413157236951562534e-02,3.904574592798798482e-02,1.430918850860289360e-01,6.648446681270266112e-02,-1.885253645800969574e-02,3.975999109411660487e-02,-1.088613396399342598e-01,1.158246505294323325e-02,3.237891622793771101e-03,2.269321371365689774e-02,3.578660805368579553e-03,6.545556445289662899e-03,2.862677150341879848e-02,1.499523396546296886e-03,3.080075225008546778e-03,8.157988121018628844e-03,4.509015461785940981e-03,9.545336990633505880e-02,3.602419680216481599e-03,2.783042350848342547e-02,3.064409125256639665e-02,5.639700689176158728e-04,3.555385849764613471e-01,2.280947950128314403e-02,2.240393325208637001e-02,3.425126939591841557e-01,3.824674517050305911e-03,6.359271713427747108e-02,1.469705185249296608e+00,5.851354100398251656e-01,3.753913100087258869e-01,3.019064242275708576e-01,3.727727074874823687e-01,3.147349658683959994e-01,2.937777774762341254e-01,3.051026649677553437e-01,2.519500218588053841e-01,3.509943727912251399e-01,2.258373160188036077e-01,2.950885804042118754e-01,2.310226079185576931e-01,9.499287380804881040e-03,2.809459930959645572e-03,2.276987307762057960e-02,3.788797074097064854e-03,6.660582731961883426e-03,1.894433098929061005e-02,1.348203022891384393e-03,3.267462623832962775e-03,5.209551671782671790e-03,4.303279835567690691e-03,4.458663652215622691e-02,3.244784671249881756e-03,1.070581790061786616e-02
7.220330432589229519e-02,4.668870416705336456e-04,2.938911822766367532e+00,1.446041269608155100e-01,1.894679154333375193e-01,5.126083418465330332e-01,8.453877788915783661e-03,8.024691358024690913e-02,-3.002800080469524602e+01,1.343983058766484495e+00,1.479312819969356707e-01,4.701969233459715181e-01,1.107073215247749709e-01,2.403712760627442768e-01,-2.303651567203123668e-02,4.740481718579524911e-02,1.834955425345488889e-01,9.208965614451784798e-02,-2.223550717548456596e-02,1.094562430172604239e-01,-8.317834625088961487e-02,1.228438111570572498e-02,2.749533131979739389e-03,1.746989418767123242e-02,2.680104454293533341e-03,5.563457777300346435e-03,3.133007327963233807e-02,1.262492810257499374e-03,2.681637215033080487e-03,7.391413351153556209e-03,3.520435431911478948e-03,1.093027456475613307e-01,3.652366194319933181e-03,3.080541063970978696e-02,3.190824745499606929e-02,5.216956841408524476e-04,3.942291418960113258e-01,1.516280762075992473e-02,2.338441397642043729e-02,1.924201514988840289e-01,4.065994247581866325e-03,2.555581028900455465e-02,1.328983190148472548e+00,5.647038798881665045e-01,3.517553815944855500e-01,3.165796407605258045e-01,3.798835123913846257e-01,2.806186330844998023e-01,3.128653753583103270e-01,2.686742548213449933e-01,2.564257064069602743e-01,3.327184478915437005e-01,2.268634991122988054e-01,2.581152440142912563e-01,2.224971445848186458e-01,1.011370517153141468e-02,2.155006585257313208e-03,1.745765672762314077e-02,2.529278819230810181e-03,3.727545564269859214e-03,2.036262689310576815e-02,1.205090634355614069e-03,1.756954209507418383e-03,5.322557943739714310e-03,3.723119541349682957e-03,3.752118433435241290e-02,3.239132705919316527e-03,9.339821911962592135e-03
8.251113245437874388e-02,2.268348934624632787e-04,2.862134451054082707e+00,1.440167699978019966e-01,1.899405289159017962e-01,5.211379522848345047e-01,9.581305615080384225e-03,8.023722309436595590e-02,-3.058557546407363148e+01,1.228444625925444678e+00,1.130113537283849168e-01,4.151749803852320397e-01,-1.522556793954325978e-02,2.479164383112021919e-01,-8.996138966182710972e-02,9.132657090564477720e-02,1.118598489948587765e-01,1.845547544468143508e-01,1.010225456895405376e-02,1.115799825599053385e-01,-8.159516409761799483e-03,1.444735258320296173e-02,2.474270631183267746e-03,1.093453113083576490e-02,2.958545860925756391e-03,6.643509127070785017e-03,3.481504313411937224e-02,1.546063012967761061e-03,2.754716354888201661e-03,6.827342070920033867e-03,3.852296255754362846e-03,1.045979768689776629e-01,3.248560420503372303e-03,2.957682159849978759e-02,3.007207254065016530e-02,1.586870267761596523e-04,4.362477220841121661e-01,1.551755774750913572e-02,2.644607037451114293e-02,2.191669337314617882e-01,4.176567225639812343e-03,2.933101180653744158e-02,8.303093290613994260e-01,6.093347312297574536e-01,3.830302789237138295e-01,3.456733648506612466e-01,3.529974458405251703e-01,2.840530918579824982e-01,3.034790994495367156e-01,2.446890272430544411e-01,2.453766448841167847e-01,3.350303502856720739e-01,2.271789945090142149e-01,1.736807777841474221e-01,1.851379147549429283e-01,1.112240145472811505e-02,2.243588855360205327e-03,6.007623155263325763e-03,2.880137361468144974e-03,3.763363389512601031e-03,2.158609135888696698e-02,1.301007924508161941e-03,1.654786972136265038e-03,4.454253841740141162e-03,4.223545039738332840e-03,4.136340132934369918e-02,3.400032212890384455e-03,1.034955206877491603e-02
8.314415437003404297e-02,1.557229652072818411e-04,2.961581112720731213e+00,1.484343627321212666e-01,2.031475054453066031e-01,4.238300474969879383e-01,9.575734778698040753e-03,6.462585034013605678e-02,-3.099691579670487585e+01,1.500320647259089091e+00,-1.338642437617067471e-01,3.322640274706761265e-01,2.294351655465165507e-02,1.804150987604033196e-01,-6.633256569360426735e-02,6.330052000568894832e-02,1.704176942670900252e-01,3.623416289077151520e-01,9.208262289047522420e-02,1.024148120785340760e-01,5.551830528270768061e-03,1.594301305392224061e-02,1.709877253100334582e-03,1.002280917474171820e-02,1.317185605964567383e-03,7.343550556780244210e-03,3.876740761257013723e-02,1.264864422064954476e-03,2.815640336128198522e-03,7.564996131828505624e-03,4.199371875865403128e-03,1.111477945331626332e-01,1.639068998698669588e-03,3.215577272455337476e-02,3.620578447633696073e-02,2.732892365842266207e-05,2.711937848826462827e-01,1.687162317448764881e-02,2.130586049610063218e-02,1.559950438984674115e-01,5.081690201726233626e-03,2.157176597555606617e-02,3.635080303947789138e-01,3.882562764229156582e-01,2.239181700657252860e-01,2.708710944667169773e-01,4.167656260162122539e-01,3.036343831087428558e-01,2.956262514615937143e-01,2.349662081432461191e-01,2.676960190699087527e-01,2.646598446107104041e-01,2.262283211565050411e-01,1.661771435266147512e-01,2.212431153872097822e-01,1.329489893430905317e-02,8.712994350550120563e-04,3.153461724667194939e-03,9.913948189875689942e-04,4.426243349414431261e-03,2.524428722608302450e-02,1.023899460825683809e-03,1.763819053346001248e-03,4.100506736181688816e-03,4.821233764844364347e-03,4.024462238517944462e-02,1.658065444978812277e-03,8.865454099599382604e-03
1.074536511539916778e-01,1.742461496982542792e-04,2.895834049356885487e+00,1.514008584145027925e-01,2.026749586585242235e-01,5.233122356807503595e-01,7.293480009123762264e-03,8.012093726379440617e-02,-3.059858807144856385e+01,1.336699911599232848e+00,1.646933400194232344e-02,2.508384759154302368e-01,-1.907114447246874567e-01,4.228054433288572778e-01,-7.124735356254507934e-02,2.220677542643706079e-02,3.222442966759856975e-01,5.003283254044571526e-01,1.573182639269584959e-01,2.967593865017435426e-02,-9.320944225112899606e-02,1.820494178934962612e-02,1.960203870853694050e-03,1.204868287562384753e-02,1.698597467632426529e-03,5.379848482165904000e-03,2.692761738348485936e-02,1.848559740478528156e-03,2.633097266063904457e-03,6.815063804234047957e-03,3.850000391866273495e-03,9.788981474775566849e-02,2.053526545152146044e-03,2.766081910303378258e-02,4.169840808292411133e-02,2.976269435709243019e-05,3.315914416202732085e-01,1.669451718141686664e-02,2.847716840667776847e-02,2.054858647491747681e-01,2.638967466155565846e-03,2.785415838652801485e-02,2.905354547555506484e-01,5.027507639815782525e-01,8.891528798749634421e-02,2.467692960784424738e-01,4.781199750993310738e-01,1.101457570664619717e-01,3.562806754658578989e-01,6.936479501763066768e-02,1.931764916683850752e-01,2.036683158403001792e-01,2.947797643014315322e-02,1.693266953774824057e-01,4.270841119639977312e-02,1.753531137786898050e-02,8.770396867861811243e-04,1.178343004079549948e-03,1.283171553776851900e-03,1.055360872159777971e-03,1.476753625724227560e-02,1.303238496178009236e-03,2.095983124406634347e-03,9.472014987636775485e-04,3.728754063887589586e-03,4.408827526507282796e-02,8.312348404724989202e-04,1.074943174010672964e-02
