3.148694665153234373e-02,1.908147175159207246e-02,2.866011639599880922e+00,1.045261668341420785e-01,1.698705516931607873e-01,1.700095418077292586e-01,1.507705616288010191e-02,4.299319727891157128e-02,-3.348979676320035992e+01,2.803828489300579374e+00,-4.646148568025097458e-01,-1.179025150608651457e-01,-1.741002801271087363e-01,2.036645805152652589e-01,7.777703171620271860e-02,-1.068893982018251920e-01,-4.601013073101186540e-02,-2.251099396622525603e-02,3.573222642951713601e-02,8.107975680600196244e-02,3.045437885601247341e-02,1.157067987660907737e-02,1.004444315377456742e-03,2.517764781131805185e-02,9.252620420762131112e-04,1.271536020059678071e-02,6.387569476175318506e-02,5.820472254723459051e-04,7.151536351610532360e-03,1.981610190401962915e-02,6.919274450512387376e-03,5.930307731366075280e-02,3.445137503780020764e-03,2.838393276618867908e-02,2.103388189957258736e-02,5.143343162376539518e-02,4.331187968602452920e-01,3.490598363221140282e-02,3.498362399764611691e-02,2.866608048025289790e-01,9.464394374343180691e-03,4.348295914108991217e-02,5.773526811284072302e+00,1.118299631101142833e+00,7.123844511698584903e-01,5.061616882011938934e-01,3.913769206039494075e-01,3.850604355434361081e-01,2.691492900688699508e-01,3.351239326203170332e-01,3.131608609042135782e-01,3.310947537012795538e-01,3.695152342433856707e-01,1.915729244655686725e-01,2.836797592896991849e-01,1.177493520837185996e-02,1.422144706919935102e-03,1.858222279245995076e-02,1.495413807247458022e-03,1.946212489597158243e-02,4.103976641066512526e-02,7.848498162400324935e-04,8.270955199194528901e-03,2.210609597224182793e-02,1.860283048640337666e-02,4.454827063697452266e-02,6.519356653751960141e-03,8.859930586242443715e-03
3.157775255391600394e-02,2.244901682919570388e-02,2.892516266677248371e+00,1.042973927229268460e-01,1.683897984475049014e-01,1.660680091382826240e-01,1.556845665311676688e-02,4.399092970521541884e-02,-3.218835236136404632e+01,2.746093156354226572e+00,-5.487953523293710445e-01,-1.829498902050398779e-01,-2.177931038667636765e-01,2.260562962918790941e-01,4.025272434329494470e-02,-2.094267011992755334e-01,-7.522068341420527771e-02,-8.742603292127347492e-02,-4.259368578207774203e-02,9.817049826731397144e-02,6.623839173432627403e-02,1.128970984172170469e-02,9.789884015668761860e-04,2.273657512245197063e-02,8.738165213941028299e-04,1.435355252905006797e-02,6.791624480485025650e-02,5.504590239899503218e-04,7.833741054815452493e-03,2.099845420616536923e-02,7.188441400996974616e-03,5.177711779896507216e-02,4.077318605161407011e-03,2.833500850734838386e-02,2.096747661766633006e-02,5.124367928585608911e-02,4.441982657805399470e-01,3.476782432680345508e-02,3.618155919723801267e-02,2.871769068947226389e-01,9.907133105686095551e-03,4.316974381464767224e-02,6.122286939528067684e+00,1.130995453055008371e+00,6.974356185908653361e-01,4.912965517738052124e-01,3.848058128947135503e-01,3.961583703005149837e-01,2.807674298303595717e-01,4.291014398744164571e-01,3.163718665201548097e-01,3.530075823718833439e-01,4.044952342305080384e-01,2.160697970071793206e-01,3.052205979371300226e-01,1.164496560405390083e-02,1.429807962330993274e-03,1.894278468257924036e-02,1.499828114541419243e-03,2.016320925773374892e-02,4.273679227941216269e-02,7.887738134224857181e-04,8.703029774943447233e-03,2.261031613428962292e-02,1.861477280142661075e-02,4.457412499604118672e-02,7.109471900486278445e-03,8.901478391756688716e-03
3.041997729852440047e-02,2.401466874925417549e-02,2.909152562727165492e+00,1.045355772131830452e-01,1.691232409913694668e-01,1.655514926347233795e-01,2.196103140681179150e-02,4.349206349206349853e-02,-3.130596481522119134e+01,2.788216469074766835e+00,-5.266643088613167656e-01,-1.887418564119806297e-01,-2.785830863634506382e-01,1.524256692877959674e-01,-7.535234012943438017e-03,-2.384501395292708270e-01,-1.311964342768597303e-01,-1.156868494243623036e-01,-6.887374344106476920e-02,1.216822147011629024e-01,1.055827165936412543e-01,1.120366472626148011e-02,9.560061700155110228e-04,2.073589577004775197e-02,8.717581134671361157e-04,1.419081884842691120e-02,6.420521890963637457e-02,5.246483719532262033e-04,6.919290050676637181e-03,3.437091502656453024e-02,7.038489668396054853e-03,4.090406343063139605e-02,3.997636175260087417e-03,2.901199008566524365e-02,2.152573979016450881e-02,5.085833681132845285e-02,4.667724149577524018e-01,3.715761246735730522e-02,3.827226499460632120e-02,2.914818872608438416e-01,2.458825638116577186e-02,4.363106424586293136e-02,5.865998791473855611e+00,1.153720401382771987e+00,7.062148974944699731e-01,4.973495754302201255e-01,4.434580988183584593e-01,4.751583506914220933e-01,2.934013877566743478e-01,4.325559781567378526e-01,3.665808394119952629e-01,3.503028797208477818e-01,3.924650969408572942e-01,2.696308970390478010e-01,3.217134054461319725e-01,1.236337685507898215e-02,1.441940057078292892e-03,1.908583311631596724e-02,1.513683391018048061e-03,2.027377452945329159e-02,4.473612489121824021e-02,7.983192046302644727e-04,8.532564153580259048e-03,4.818900600376661847e-02,1.864708927857275378e-02,3.866005082578276991e-02,7.140389709613010304e-03,1.045782324494718210e-02
2.976163450624290385e-02,3.711480484141307934e-02,2.917035305250244015e+00,1.070760685549072694e-01,1.736814289521280141e-01,1.599793669956610098e-01,2.428304682028359709e-02,4.217687074829932353e-02,-2.991577855451281565e+01,2.785186795359744671e+00,-4.997058082311256477e-01,-2.371011318956775249e-01,-3.463794196783652746e-01,1.206739198371931804e-01,-7.966136021043604409e-02,-2.564329459022680058e-01,-1.715853545122856538e-01,-1.565695543539330492e-01,-1.093264963951921520e-01,1.451809708489215367e-01,1.356374663602742392e-01,1.064178288399260028e-02,9.309099563852174953e-04,1.864595523151779677e-02,8.393752676974425070e-04,1.380512509509510162e-02,6.593264095299489203e-02,4.770046207999794046e-04,6.620577310079022240e-03,4.021425052955617668e-02,6.830488518305960662e-03,3.531496095450585571e-02,3.917924256573907665e-03,3.059191704017463764e-02,2.185869197150635407e-02,5.966626523762397216e-02,4.767489731693334565e-01,3.743070464366028693e-02,3.980143720201784890e-02,2.930612849447001844e-01,2.562649096519539413e-02,4.426824251033988078e-02,5.760653810096196814e+00,1.151974953931143908e+00,7.291857349489824225e-01,4.877746588586916454e-01,4.591342017470018688e-01,5.119130603804097346e-01,3.434428266317487988e-01,4.334776856553699820e-01,3.845183137381300020e-01,3.743529653444370719e-01,4.138013716255706242e-01,2.655891222698438803e-01,3.112605648112183876e-01,1.259872791766925362e-02,1.448977954573948046e-03,1.900977275666345528e-02,1.524829671933460810e-03,2.046260028896341315e-02,5.432606259996373976e-02,8.010293946066497422e-04,8.618698890388515679e-03,5.362052439200715170e-02,1.870646153872053408e-02,3.666913591412492707e-02,7.173738086873294832e-03,1.202362638000922627e-02
2.367763904653802723e-02,4.479245772772237622e-02,2.997015388428269311e+00,9.978381397372150519e-02,1.746560840792993063e-01,8.434471241124885665e-02,2.656380726936521941e-02,3.052154195011337959e-02,-2.883091951944100018e+01,3.031811129855691345e+00,-5.629460177833488510e-01,-2.123663865401875517e-01,-3.756495970252720640e-01,5.886337647178591787e-02,-9.212409730144173470e-02,-2.805550673796303740e-01,-2.034557150187666641e-01,-2.009245486025876271e-01,-2.024400404124400699e-01,1.070581880847907980e-01,1.111238477201335895e-01,1.007892031194725958e-02,6.794209067477470065e-04,2.422065929720457894e-02,5.247821253553414545e-04,1.411432230600894247e-02,7.313365464587301412e-02,3.910039527663943817e-04,6.345477705848229233e-03,3.950150548504256787e-02,6.788710620010521973e-03,3.334719679735411585e-02,3.788406928881569557e-03,3.339880938746352113e-02,1.326242276088084905e-02,6.002137741980851510e-02,3.921461434106821020e-01,3.497989307023226940e-02,4.035297944873977166e-02,1.103110618152812750e-01,2.752256737011996718e-02,1.696417939183582704e-02,5.447792436162920637e+00,9.989021387970170585e-01,6.326199096051301485e-01,4.960152916137006707e-01,4.502440530918347394e-01,4.840021524733496006e-01,3.388183586200068098e-01,4.251114041968139245e-01,3.672928644801064513e-01,3.792512610211204449e-01,4.446450857626086939e-01,3.070788776066011860e-01,3.375244100953042059e-01,1.259103219682236943e-02,1.016339629655978833e-03,3.406079120421815626e-02,5.590931319794347409e-04,2.055326179381371243e-02,5.856577540298556206e-02,7.197144676300668183e-04,8.759786642244223390e-03,5.398581193075200485e-02,1.872993297770216004e-02,3.656683638959375149e-02,7.214240179319177798e-03,1.190621605122964277e-02
3.802497162315550405e-02,4.486414271180071134e-02,3.001249560307142961e+00,1.099836308789010481e-01,1.713751486799930390e-01,2.199660687165845008e-01,2.702097258993347781e-02,4.952380952380952550e-02,-2.824671874243232139e+01,2.820728793164660075e+00,-3.640521323643817753e-01,-2.519286835822068249e-01,-4.210567121929358336e-01,5.401498614649396374e-02,-1.123881464246497819e-01,-3.083606214363863729e-01,-2.106762577432007566e-01,-2.434192642143802876e-01,-2.600534156055303026e-01,7.510236945651657670e-02,9.907923130633834730e-02,9.695473465010269465e-03,8.903576259781952095e-04,2.424383522328622462e-02,7.993303120401741959e-04,1.405005537768263049e-02,6.847503395442056107e-02,6.133204349357749934e-04,6.112178295102133931e-03,3.841465064025174903e-02,6.850390806291722229e-03,2.584761683128132884e-02,3.990540061832923216e-03,3.150012593384958481e-02,4.594133126175212190e-02,5.996917323908949188e-02,4.036146780507220977e-01,4.465970936233999017e-02,4.268074527949058949e-02,4.427548824315932219e-01,2.780754711548652849e-02,6.655297507913170152e-02,4.711236186599255582e+00,1.186225248518991249e+00,9.388659705643742637e-01,4.835630534842743633e-01,4.576832307219724227e-01,4.883559338966895758e-01,3.437988288196707209e-01,4.143466755687017500e-01,3.600445080593138725e-01,3.669691990506042667e-01,4.051207252977657713e-01,3.152862223257655860e-01,3.490721160486198738e-01,1.266491671358398186e-02,1.837906448362352715e-03,3.668195048860317664e-02,1.298576483600364035e-03,2.064248912948435030e-02,6.068329909460091348e-02,1.325163714339935156e-03,8.804461607316295749e-03,5.448242916513888756e-02,1.872455467768202250e-02,3.059006835631504148e-02,7.203885608149500526e-03,1.415700443508515448e-02
3.909194097616345426e-02,4.740782515541368952e-02,2.987708837973975129e+00,1.133732231238781252e-01,1.748727735368494629e-01,2.297813796208292292e-01,2.821931312281687060e-02,5.002267573696145275e-02,-2.713120305257107390e+01,2.814355423469998119e+00,-2.618427277872520942e-01,-2.820658959342555172e-01,-4.601239019740457903e-01,5.755024203024098478e-03,-1.712843278269821079e-01,-3.400850294093730741e-01,-2.496449617414779332e-01,-2.895992884070694995e-01,-3.160197557724286344e-01,6.196023940665861679e-02,1.400701065929458311e-01,9.521152902309905353e-03,8.915021882496979109e-04,2.094305394501069090e-02,7.298567193112042144e-04,1.364495173328364626e-02,7.915280437356642107e-02,5.669282891758730975e-04,5.417866715926461692e-03,3.888183818428945365e-02,6.620077344284660929e-03,1.981940555303736418e-02,3.998797227943115887e-03,3.348160021725369445e-02,4.745105850780290124e-02,5.870970043088261786e-02,4.895772155318714458e-01,4.565753114901887483e-02,4.425746557129051073e-02,4.466637515085805088e-01,2.871137119673879134e-02,6.721726447083356537e-02,3.266948892643917635e+00,1.205963351631437419e+00,9.556916216727935343e-01,4.692782989888854561e-01,4.444193445750913574e-01,4.953275785084781391e-01,3.093712106769228587e-01,4.035185987135304075e-01,3.725091018239032881e-01,3.662433122520024620e-01,3.815969112986694611e-01,3.132400350306800973e-01,3.423755685264571191e-01,1.279286614089500569e-02,1.857614551912879601e-03,3.568408204266955430e-02,1.310276591481070695e-03,2.070782907908839260e-02,7.098295855991937353e-02,1.314539078469124846e-03,8.894970635377828783e-03,5.431412825992994881e-02,1.877610085820649588e-02,2.587696368706047037e-02,7.201944690932228152e-03,1.586666849940500390e-02
3.700340522133938048e-02,7.019204378959967294e-02,3.055529635339162997e+00,1.116255373034159004e-01,1.739625009015966506e-01,2.112432112038713228e-01,2.805933030953933552e-02,4.653061224489795505e-02,-2.638735166716342917e+01,2.921329594937658314e+00,-2.496332807966344935e-01,-3.563979695800016390e-01,-3.743243100749788499e-01,5.071952336628740565e-02,-2.019955678568692015e-01,-3.672077505746554338e-01,-3.408956801992937269e-01,-3.786725379469932373e-01,-3.020580770122240910e-01,9.996231118229320645e-02,1.941188088217525309e-01,6.950216669494809797e-03,7.141708101057664057e-04,1.946734650954622114e-02,6.836954135374757532e-04,1.164430524396126848e-02,8.937529179964438797e-02,4.887288826868803077e-04,6.416707214464649825e-03,4.220473950427939408e-02,5.824772979043392127e-03,1.550152711115407485e-02,3.304188153682060137e-03,3.527550473545027626e-02,4.743739363954818655e-02,8.693805172219691568e-02,4.181855057961874067e-01,4.682217603416390789e-02,4.792803342645600428e-02,4.453720042966345938e-01,2.848103958506030542e-02,6.691953831325646307e-02,3.004838971949761905e+00,1.104861019670426714e+00,9.331660954099052496e-01,4.460927144846327796e-01,3.998458058778372459e-01,5.175325927167357953e-01,2.870505400479284597e-01,3.978815037750585981e-01,3.241744067831568432e-01,3.323271965412699647e-01,3.747208934832612637e-01,3.312929036179128595e-01,3.459819734442106665e-01,1.025150998015206261e-02,1.655901782526190535e-03,3.578178686837896194e-02,1.316684248591654463e-03,1.976774626776660673e-02,7.094682515157564595e-02,1.243075291762180123e-03,1.048312425289840699e-02,5.387176005396820955e-02,1.870779558666878575e-02,1.832242868733384086e-02,5.712269745877305085e-03,1.499504829819776723e-02
3.961407491486946403e-02,6.345363060377953723e-02,3.039221041830526104e+00,1.181390674993095385e-01,1.786341504962573323e-01,2.401060969817872259e-01,2.915925451259094095e-02,5.079365079365079361e-02,-2.665858857445962116e+01,2.804955102388867250e+00,-1.394907395965756802e-01,-3.781467214810338429e-01,-4.225682748111196929e-01,1.824539759454307103e-02,-2.475317765416689408e-01,-3.619152820079926114e-01,-3.200505011202822159e-01,-3.428144732833105501e-01,-2.242947920054704503e-01,1.302862414940056390e-01,1.807459578999051908e-01,7.962391890428563435e-03,7.352318977173017897e-04,1.788284358384233802e-02,6.876896407558905208e-04,1.005267872438458422e-02,8.168766787562437015e-02,5.212450357435725315e-04,6.272261546427976113e-03,4.316231503231744704e-02,5.770886760108261300e-03,2.267290950265857252e-02,2.621422688982197238e-03,3.493279053747200269e-02,5.133357835599654945e-02,8.435131653653332728e-02,4.056243068540842933e-01,4.604309761356777109e-02,4.817084628309357963e-02,4.786704179955848515e-01,2.881116235483865973e-02,7.469237683446985909e-02,3.155282085586561536e+00,1.025445132843918472e+00,8.870446735764728752e-01,4.664603357593073429e-01,4.176202395216592755e-01,5.501398254619280781e-01,2.887725604259042123e-01,3.747870754149174033e-01,3.316246378582232701e-01,3.704042036199707844e-01,3.978168339517621499e-01,3.410410655638329014e-01,3.401027166229144694e-01,1.182746538105457906e-02,1.672622059437594948e-03,3.523839806309254225e-02,1.314110580720285072e-03,1.956961409673998661e-02,7.107941430457136167e-02,1.257615826225943687e-03,1.053311368128082189e-02,5.363143769584602372e-02,1.871853896160539932e-02,3.182805742687545153e-02,5.435620028898423967e-03,1.493189877756744000e-02
4.074914869466514378e-02,6.397676465019902503e-02,2.984893676275071517e+00,1.212598657105531247e-01,1.803014510994548070e-01,2.497441089333531372e-01,3.011951799322646478e-02,5.287981859410430946e-02,-2.692011411225514550e+01,2.673869175840059231e+00,-8.625185659690906559e-02,-3.273153552407018219e-01,-4.521485496761857292e-01,7.090288156919150042e-02,-2.822468965502151206e-01,-3.878669007129733615e-01,-2.998499374059336864e-01,-3.267492678018877883e-01,-2.086475888690483838e-01,1.465357954333657564e-01,1.474349404868488811e-01,8.665152414506830519e-03,1.479310351072267351e-03,1.848471688894505124e-02,6.924778886277717805e-04,6.556815222089543496e-03,8.119199478038231776e-02,5.277230507388646231e-04,6.403802990685996017e-03,4.256499529892395634e-02,5.890581525405866152e-03,2.245125293776836090e-02,2.751145796590982393e-03,3.451375532214799591e-02,5.125621688263840708e-02,8.697168074463396126e-02,4.673591536174258043e-01,4.469865745485534364e-02,4.796594784879597284e-02,4.766436365129351760e-01,2.892478760223379103e-02,7.486625930558184205e-02,3.403773239702288844e+00,1.092433722697252918e+00,8.272518440899424563e-01,4.405704671352541069e-01,4.713335418103296592e-01,5.365444031732810037e-01,2.998624651830322785e-01,3.855689870622496795e-01,3.992220320822497115e-01,3.766367375968586728e-01,3.962341645983957217e-01,3.373840797441013395e-01,3.270608468044289285e-01,1.579106506198326570e-02,4.757980631589140558e-03,3.519417073566285387e-02,1.314173134756781765e-03,9.107748850191589585e-03,7.147707192513313990e-02,1.255220545660930753e-03,1.054932662748693864e-02,5.416199336808583120e-02,1.872066632706062203e-02,3.180258038109599894e-02,5.599444440999854118e-03,1.545522947279007360e-02
3.961407491486946403e-02,8.081588290155578003e-02,2.982010235174862967e+00,1.200848117910846696e-01,1.800009474177443891e-01,2.497263737370425951e-01,3.073965240477006047e-02,5.129251700680272086e-02,-2.654343992094079496e+01,2.803375059964941851e+00,2.363091382754569508e-02,-3.136980894184131508e-01,-4.718975747491924166e-01,2.771123682516553593e-03,-3.307247699706488131e-01,-3.584017748524347957e-01,-3.064444282228483418e-01,-3.456782308909272516e-01,-2.318333877983758395e-01,1.462540197094568395e-01,1.752080935078521862e-01,8.600632602785599629e-03,1.440742122540154086e-03,1.924708934886061595e-02,6.186687163735469152e-04,6.312176336226847650e-03,8.931748132708797194e-02,4.541848097846702551e-04,4.135403834183998088e-03,4.365036052303021552e-02,1.601851276588261899e-03,2.281834938988025821e-02,2.115213231891936545e-03,3.583896120815638353e-02,5.189869630904310471e-02,9.464347947096814206e-02,4.995994785696344365e-01,4.521729010953457611e-02,4.805163718126875816e-02,4.799230560600209472e-01,2.959312353827441358e-02,7.519035032802917629e-02,3.560238463969262579e+00,1.056196574511324204e+00,7.404394032373643464e-01,4.234743617929790926e-01,4.578033541364198711e-01,5.002931627916098467e-01,2.521894052984346990e-01,3.751857140234567400e-01,3.881329402264466211e-01,3.546238679760062018e-01,3.943512297878621342e-01,3.493404499884760761e-01,3.042329076555246870e-01,1.578846634106760571e-02,4.765101269542852333e-03,3.530676525953181655e-02,1.297469952483582770e-03,9.160542562500336924e-03,7.263373318312049687e-02,1.198054418579291716e-03,7.499514959650175824e-03,5.406474066687547847e-02,2.623396203167852395e-03,3.167159663927807817e-02,4.428212331489565778e-03,1.543953729807806541e-02
5.198637911464244060e-02,8.260781613507324483e-02,2.945844031904157223e+00,1.271972059891428863e-01,1.766579326840522768e-01,3.526735476092321964e-01,3.102200814149425057e-02,6.607709750566893858e-02,-2.707442090316614269e+01,2.849087323733615396e+00,2.114237803712791242e-01,-3.322210016264958155e-01,-4.637675312147920281e-01,-5.596783319599141215e-02,-3.474200686744349231e-01,-2.871867426304698379e-01,-2.931978975082111805e-01,-3.269818938791561047e-01,-1.701540649513691161e-01,1.180046120168712354e-01,1.503935479208135528e-01,8.461174859343632837e-03,1.475034476346964978e-03,1.992305919741108391e-02,9.469663055126281486e-04,4.588308823843643622e-03,8.315919830570020488e-02,5.197960150399050802e-04,3.352665727315494188e-03,4.352817464212220544e-02,1.231375857717572145e-03,2.337550470529883850e-02,1.462576913027699172e-03,3.423767816082425031e-02,6.584288956962103256e-02,9.912490879588931048e-02,5.453765830007600846e-01,5.282269954898801551e-02,4.969426732473527369e-02,5.829715788768795592e-01,2.959565150462242430e-02,9.333924999261307420e-02,3.814756275132595409e+00,1.083824938674136984e+00,7.502847282677572727e-01,4.359624186600211115e-01,4.637552421921333212e-01,4.756857033348209640e-01,2.535933860362141190e-01,2.934009517028238756e-01,3.940555652752309457e-01,3.552758306673093891e-01,3.741046216433841498e-01,3.394600462907559346e-01,3.054496899830185241e-01,1.582875470694430214e-02,4.758134768561352382e-03,3.524291887155556191e-02,2.545442621343599592e-03,5.448743876731216955e-03,7.359099724236525808e-02,1.217866843155054847e-03,6.640775975435738929e-03,5.400776122807214585e-02,1.819995259914507484e-03,3.221999401013158487e-02,3.010305954064811107e-03,1.689736296359004020e-02
5.743473325766174087e-02,9.303950644561333194e-02,2.942561711595114371e+00,1.285969333494634548e-01,1.739690288838418031e-01,3.883511292124562364e-01,2.761916358627318838e-02,7.106575963718821110e-02,-2.678311204331843953e+01,2.850524576996340986e+00,3.020704162422720440e-01,-3.789719327695284523e-01,-4.485272620638993679e-01,-1.735440130997632086e-02,-3.340951585220271469e-01,-2.670347347709899344e-01,-2.507783512939431025e-01,-3.745425692266744488e-01,-2.040875913991481716e-01,2.925121037910034458e-02,1.144759502876695340e-01,8.716608560896082006e-03,1.471185418102300031e-03,2.353525245941436722e-02,1.259846342985298595e-03,5.476040803608896168e-03,9.172915042563040133e-02,5.792175624604002301e-04,3.179475899722087814e-03,2.983797739875489186e-02,1.193897110674707216e-03,2.375383423797579330e-02,1.460604178476538565e-03,3.354968555538124370e-02,6.873975322194368631e-02,1.019522963652237796e-01,5.459296789758907309e-01,5.344879036864147448e-02,4.900269368237844536e-02,6.113295812360024506e-01,2.523054794686404104e-02,9.712482709426630001e-02,3.811533864648083636e+00,1.087915998946003882e+00,7.554689844378621455e-01,4.752613036097954602e-01,4.345772167824602517e-01,4.441830090457530300e-01,2.643165139893641213e-01,2.866525932861980208e-01,3.899687545024789204e-01,3.747933030224144257e-01,3.660883470630149628e-01,3.498112291678616148e-01,2.961993530876523284e-01,1.564210452566559134e-02,4.758849888717475371e-03,3.856858455990328644e-02,3.410564327596662081e-03,6.424526358958401913e-03,7.441172197514969722e-02,1.307288212553236496e-03,6.645970897719130112e-03,3.686613635770877306e-02,1.807892956670349672e-03,3.254559383845319342e-02,3.007794119232049413e-03,1.702207990472456509e-02
7.772985244040862829e-02,7.996376527118993771e-02,2.936249791249086361e+00,1.396851710935694824e-01,1.655849254322897535e-01,5.358592295500692604e-01,2.464278140195958269e-02,9.854875283446712375e-02,-2.781064217062083443e+01,2.663527975513433343e+00,4.164488337967201526e-01,-4.023648706270194775e-01,-3.950034292098352773e-01,2.431926581274901529e-03,-2.820386198253178600e-01,-2.415079740005951214e-01,-2.109866868502579262e-01,-3.874870816255656103e-01,-2.134759032504495724e-01,-2.980504173163962475e-02,7.547636489308751084e-02,8.730086731675362408e-03,1.628137221565596152e-03,2.395289890211660389e-02,1.450563820587161788e-03,5.643117541707903806e-03,8.397414771009996393e-02,9.370959561488831444e-04,3.187298557330331059e-03,2.204449956039952752e-02,1.649298757759963064e-03,2.100994573101762353e-02,1.526258796114738974e-03,2.940960762822417141e-02,8.260132094768107835e-02,1.043174459613814692e-01,5.404941714756192894e-01,5.938000949093522746e-02,5.044548322413423130e-02,6.873772244483614680e-01,2.487446657010399312e-02,1.147421060290180345e-01,4.308341730957031324e+00,1.239426861252029166e+00,8.301868168090674738e-01,4.836788528315372759e-01,4.354290032709407510e-01,4.230388726332384719e-01,2.544236849224749131e-01,2.902720713997161139e-01,3.887234820600156682e-01,3.610170636546465861e-01,3.249987137855618879e-01,3.520736508828016809e-01,3.036777535402290229e-01,1.563807934468595257e-02,4.755698276611917442e-03,3.845604963570798535e-02,3.427655371296107513e-03,6.451710781527849638e-03,7.186207704815866792e-02,1.774143458791872709e-03,6.637704223354248638e-03,2.654477155226139806e-02,2.529700410881461844e-03,3.064331532950123269e-02,2.999737026107042459e-03,1.816992999920307925e-02
8.004540295119180748e-02,8.046720714109363570e-02,2.890821861634145673e+00,1.460583826637879001e-01,1.726854775872877223e-01,5.431033919642939134e-01,2.278163380576751773e-02,9.873015873015873745e-02,-2.762416133242423655e+01,2.576539206014923700e+00,4.022631213377800274e-01,-4.322601215007675357e-01,-3.932036235909528443e-01,9.798862471424802170e-03,-2.645636380614176386e-01,-2.084237839406825610e-01,-1.990501011859703573e-01,-3.581344460301158494e-01,-1.517475844434506560e-01,-8.286671734388580124e-03,7.395503874495432117e-02,1.124744256506552027e-02,1.648197665915549816e-03,2.689913884014194165e-02,1.472712780800342937e-03,5.182924558466239610e-03,7.468214487227613219e-02,9.532684911017665205e-04,3.460910935415889480e-03,2.278630551801792692e-02,1.552515692125175286e-03,2.268169329824884159e-02,1.553446658524124981e-03,2.828292909471823158e-02,8.195303120993036039e-02,1.051278144259527869e-01,5.856503929430251221e-01,5.517097601746857871e-02,5.136727320279436265e-02,6.823875785190783860e-01,2.233879846879951656e-02,1.146129731177143313e-01,4.423583613220502642e+00,1.179755994430176536e+00,8.233613732530818963e-01,4.645347676876130927e-01,4.312463679890479185e-01,4.167723765784951406e-01,2.752623180052234941e-01,3.071037034667405963e-01,3.986127916807353788e-01,3.683323273757124761e-01,2.614343919668918326e-01,3.386919486522320666e-01,3.070197775173818533e-01,1.836461269432106136e-02,4.749666300796213936e-03,3.963280445050534201e-02,3.419674307623462011e-03,5.531626746830167578e-03,6.960507904238466548e-02,1.766747032754946477e-03,6.588107004851340848e-03,2.664155069849042171e-02,2.427839337309669991e-03,3.207564635501821554e-02,2.988387215586486931e-03,1.727356762207162000e-02
6.908059023836550516e-02,8.151334422103813371e-02,2.860882073247446922e+00,1.382724388144874750e-01,1.750052531607288464e-01,4.436141543151832511e-01,2.430662947823476749e-02,8.353741496598639238e-02,-2.737176471673213030e+01,2.834933271845440750e+00,3.048629187840921628e-01,-4.040390692025805919e-01,-3.814264303395134004e-01,-3.964117254454586209e-02,-2.411452835316688914e-01,-2.165661076505599469e-01,-1.975174893564046463e-01,-3.184008215887210169e-01,-1.183924806908121657e-01,1.284045737143493619e-02,1.040407065380446611e-01,1.151789439951975483e-02,1.333187071502047773e-03,2.675956424224051541e-02,1.310789853156123577e-03,4.996510316221765800e-03,7.639507437683078217e-02,7.391828652139635289e-04,3.327938575665057193e-03,2.470944454310268837e-02,1.372395196562426704e-03,3.029685940727278037e-02,1.252368709711509194e-03,3.027159819716135694e-02,7.919269442040363649e-02,1.044795151838572717e-01,5.852633553972654834e-01,5.524688303136325584e-02,4.999732041820057621e-02,6.311584315411241652e-01,2.275236083327858080e-02,1.076525543328098605e-01,4.307793571296123503e+00,1.084450649897049868e+00,6.881718506062334262e-01,4.770158518836795092e-01,3.944950948307306415e-01,4.054844927095587193e-01,3.007204804339927984e-01,3.029405339796906738e-01,4.062042660072996414e-01,3.880437286229823091e-01,2.772702133280679493e-01,3.356169043802843532e-01,2.913264390172368712e-01,1.823606958924333180e-02,4.542224499527645898e-03,3.778624363176668471e-02,3.404082218390413073e-03,5.350960716220650587e-03,6.903136646507219976e-02,1.495790840116410347e-03,6.589200434304975582e-03,2.650227556313587696e-02,2.317230909076076987e-03,4.268320788129888882e-02,2.854543310729341747e-03,1.643284450953544015e-02
8.955732122587967137e-02,7.900158227075204653e-02,2.894078779624956965e+00,1.522564348474940155e-01,1.672237144799176289e-01,5.514159698138051402e-01,2.234749436981451828e-02,1.087074829931972686e-01,-2.818898106503463907e+01,2.571374117372091650e+00,3.390557324574424158e-01,-4.415082816260054721e-01,-3.474645927797199163e-01,-5.629578395224654752e-03,-2.207243701360258603e-01,-1.809785758390326516e-01,-1.104092824572814047e-01,-2.400557435028925490e-01,-5.589357555044337234e-02,-1.739012773336451366e-03,7.629312312773561811e-02,1.113189253046164250e-02,1.312416043242213472e-03,2.565855147940054523e-02,2.256365467644977189e-03,5.321548156541825239e-03,5.928564098001497251e-02,9.137212882560628337e-04,3.314099250761558691e-03,2.377256293257673167e-02,1.538987452435976828e-03,2.928722177191539836e-02,1.301895842902511206e-03,2.584336369783129389e-02,9.148053875255900136e-02,1.059901751895536426e-01,5.266819661086930005e-01,6.157236404326613122e-02,5.194828624088180385e-02,6.584049458527776455e-01,2.179836238183151947e-02,1.207426334463233969e-01,4.946736643070797967e+00,1.177480673244237108e+00,6.892331791581088885e-01,4.801089324263118630e-01,4.003877061336971188e-01,4.082981760180529607e-01,3.080494642505220981e-01,3.138244421543365803e-01,4.256026373867062285e-01,4.230171905800532151e-01,2.787973225086733953e-01,3.362144802853978542e-01,2.821080475636062457e-01,1.831400615657688413e-02,4.537219617432471791e-03,3.804279904395348189e-02,4.770223872052950335e-03,5.661048872241705200e-03,5.961372192552265303e-02,1.578865912015737930e-03,6.563184298938188124e-03,2.689940621743075466e-02,2.360678482457536764e-03,4.301584982465252172e-02,2.852547820170538671e-03,1.594740985690723881e-02
1.105788876276958127e-01,5.598810345169198677e-02,2.895163637844725191e+00,1.652346358182764652e-01,1.588376014795646607e-01,6.588649208352995723e-01,2.079829218505328120e-02,1.343310657596371860e-01,-2.965022486948851466e+01,2.364184232146175013e+00,4.830585462806354369e-01,-4.065029342896882003e-01,-2.773131589930148966e-01,-4.583525230125253674e-02,-1.810502630039658445e-01,-9.475256677236956748e-02,-3.428361267562759357e-02,-2.024956694293792714e-01,1.609345301867605438e-02,-2.244949219220859424e-02,2.652526144277700740e-02,1.086851824303995510e-02,1.345560885855656393e-03,2.528651532475349739e-02,2.551152500429286658e-03,6.136795111038330884e-03,4.716010731193318734e-02,1.097511323201459752e-03,2.014424392502032948e-03,2.023747952171159326e-02,1.805052932905243422e-03,2.907142933350816139e-02,1.377424559883928638e-03,2.251602304374328983e-02,9.752472801223451004e-02,8.688089683598589075e-02,5.253627690398597894e-01,6.417649195233550430e-02,5.260770302959752454e-02,6.603627801143514553e-01,2.211179845545247977e-02,1.276292005302404886e-01,5.273545907506177244e+00,1.321255650546142579e+00,6.025447535076746686e-01,4.549605544220812758e-01,5.076292992517046354e-01,3.622176837853468556e-01,3.429248833292555254e-01,3.588140159590980094e-01,3.854218894167170673e-01,4.068393938192915726e-01,3.258748138048825904e-01,3.372663175545138614e-01,2.689798078204631016e-01,1.843546383946675221e-02,4.535596831073468969e-03,3.823285511078103327e-02,4.843861953572644111e-03,6.312712245495439786e-03,5.509565721018571532e-02,1.605793645303388740e-03,1.962304010849035864e-03,2.559924436549286877e-02,3.085480989456951088e-03,4.313693222978443043e-02,2.884528743871432252e-03,1.645703931389926045e-02
1.130987514188422222e-01,5.236726402126440361e-02,2.930912204731799697e+00,1.648313802155582375e-01,1.556708772423876785e-01,6.886302621034074978e-01,1.905980029265499573e-02,1.386394557823129037e-01,-3.066305105030014033e+01,2.198127707015629984e+00,4.582408150939807912e-01,-3.268908164537107086e-01,-1.193681329393938423e-01,5.533234222570427088e-03,-8.812066389665815236e-02,-9.415136381763554441e-02,-5.367025590783987277e-02,-1.663460628139829534e-01,1.445792276192833618e-02,-2.490007997568308845e-02,4.719584141394933714e-03,8.894861106469593992e-03,1.423820463615946101e-03,2.460717013164864103e-02,2.630918915431749820e-03,6.041616003920083529e-03,4.422520626043113801e-02,1.233846499578818232e-03,2.029547321530754313e-03,1.822007816513020531e-02,2.202905017574768691e-03,3.948733353317132599e-02,1.425617750310710814e-03,2.459112949054211017e-02,9.685864902076873895e-02,8.730951022397011319e-02,5.102453061706707649e-01,6.481678002614978118e-02,4.902113732408400898e-02,6.586048187330226789e-01,2.126988702244947405e-02,1.279032254963652637e-01,5.738206104405584540e+00,1.339643774762475203e+00,6.378035329253822772e-01,4.448683957254512267e-01,6.156587202078777077e-01,3.231199134176704346e-01,3.762134395507672480e-01,3.663637689953553322e-01,3.895729700154061947e-01,4.039936382146620542e-01,3.256813161291444714e-01,3.458907131096824461e-01,2.556996058023461860e-01,1.739201876393849100e-02,4.535925033503367294e-03,3.851964226759915788e-02,4.820504907811573071e-03,6.363911161798629056e-03,5.468279880351290673e-02,1.794642436022691849e-03,1.975967791908288425e-03,2.529036678249780776e-02,3.558249071685585727e-03,7.018486560845621502e-02,2.875576668942272148e-03,2.074452900297915972e-02
1.122587968217934190e-01,4.388075669775994697e-02,2.965056183375031740e+00,1.597689434996555358e-01,1.516569406900146744e-01,6.811245546088326996e-01,1.855419035231239272e-02,1.362811791383219950e-01,-3.177974131068677721e+01,2.208155612139474755e+00,4.161931748425823918e-01,-2.840683008725377601e-01,-2.208776496348504453e-02,-3.032937870149455834e-03,-4.957160750862794202e-02,-7.993446883067316378e-02,-8.910471696682609188e-02,-1.238302955380126691e-01,5.917279495895989838e-02,1.143509813472642390e-02,2.406368803349829763e-02,6.326347495786777478e-03,7.524163490645517866e-04,2.335169368344600094e-02,2.687843885241253221e-03,5.826777185910595076e-03,4.149352491639161922e-02,1.287034591785891392e-03,1.956346853278033600e-03,1.569236346798071752e-02,2.500315733263001449e-03,5.851580627484415792e-02,9.549880431402465140e-04,2.809940026832512608e-02,9.749094445150308097e-02,8.112562206318718605e-02,4.590685283952037343e-01,6.922919289594918479e-02,4.647850029060980603e-02,6.644172526508554943e-01,2.078885942574038026e-02,1.294721039221448100e-01,5.906768205836740115e+00,1.280283997883393754e+00,6.945431447726204688e-01,4.792020442344239184e-01,5.588866120300197693e-01,3.033539111324261572e-01,3.459366928383000306e-01,3.314069491925475952e-01,3.426615082097201337e-01,4.373121788895956707e-01,3.498875910468705608e-01,3.843296702849788304e-01,2.705169123633236472e-01,1.212041434384759052e-02,8.530164349553379750e-04,3.894018345552837518e-02,4.807399630107666959e-03,6.335501669899510323e-03,5.413421745126761192e-02,1.775362459202161920e-03,1.822271115986329355e-03,1.975863716464230230e-02,3.849939846469159228e-03,9.078859220113356943e-02,8.786530299054871223e-04,2.399572242476408906e-02
1.120090805902383690e-01,2.654060792674018190e-02,2.965856965964041692e+00,1.547769046445272023e-01,1.461680160966381259e-01,6.735887529876043445e-01,1.778023598966457092e-02,1.362811791383219395e-01,-3.320476548245563464e+01,2.157510002018699247e+00,3.668534084953311014e-01,-2.663287207754525543e-01,7.843933065449547673e-03,1.676882847592796322e-02,-4.255724224994694715e-02,-6.224005975236643340e-02,-6.742810710907277960e-02,-6.009546272171686909e-02,1.282918720921170097e-01,4.894626774420931387e-02,1.744145812519042396e-02,6.221194336317625861e-03,7.855128837639073621e-04,2.203445328908515063e-02,2.729439448355187783e-03,5.797015861711793915e-03,3.245564213684904581e-02,1.317623118484174917e-03,2.168481472928339600e-03,1.286817834380088975e-02,2.649173741400636523e-03,7.334883186696414259e-02,9.916558905264324670e-04,2.880705950722113259e-02,9.742304330638203169e-02,6.298418005895066452e-02,4.235327021047539109e-01,7.211249243707899825e-02,4.173249901217918750e-02,6.682304202382047809e-01,1.946509736666634030e-02,1.294474787311326036e-01,5.433048434601374765e+00,1.246559057743513721e+00,7.352763054821245259e-01,4.894139518401200428e-01,5.491786216660065056e-01,3.014705419420822263e-01,3.385549913014598844e-01,3.048807127508405546e-01,3.308050556842918599e-01,4.382100653104506471e-01,3.515384170882084325e-01,3.988588774844087359e-01,2.633526430383471006e-01,1.211756193427219672e-02,8.493745830038219391e-04,3.910118271017021252e-02,4.788604354828856526e-03,6.205486201215449325e-03,4.350400306783899773e-02,1.760692471446456209e-03,2.182352249400329632e-03,1.402487558540249125e-02,3.811210647302181245e-03,9.631934991442843430e-02,8.865120532280762423e-04,2.466967447726292964e-02
9.931895573212257133e-02,2.138117572331993052e-02,2.976595253288212284e+00,1.455102095507116167e-01,1.485381554944316118e-01,5.706005476377185026e-01,1.756382945858487796e-02,1.202721088435374230e-01,-3.397054265687045671e+01,2.156684360912092924e+00,2.493406954586433466e-01,-2.397964872301264205e-01,1.467167403947158659e-02,6.063837724765930304e-02,3.241308128039121356e-02,-2.187525779247680158e-02,-3.941156500490939490e-02,-1.939043253937380341e-03,1.587127300925653961e-01,7.662362841422322435e-02,2.000081779483935465e-02,6.436455450836808638e-03,7.700961086176410933e-04,2.234624594419409860e-02,2.358089973260390527e-03,5.973323192942556897e-03,3.077564107785909359e-02,1.291063448188794951e-03,2.418148884345625114e-03,1.214245279997279436e-02,2.574035208871564701e-03,8.816414000221790837e-02,9.625068046568475717e-04,3.176918567386324832e-02,9.686995221428032488e-02,5.415422297760169590e-02,3.558092724386724415e-01,7.104751502616314662e-02,4.037792971152202176e-02,6.349652237791021392e-01,1.913895671901299014e-02,1.264988784887627060e-01,5.357248418706786808e+00,1.206364348855439195e+00,7.004715003997640244e-01,4.683462481871877303e-01,5.435104999639713830e-01,3.103322908522088142e-01,3.301047112763367819e-01,3.135539041194299603e-01,3.321790380063735504e-01,4.292585794639358632e-01,3.510790537654476795e-01,4.044294357316739474e-01,2.508471637684234756e-01,1.213515891301303502e-02,8.510203736000788999e-04,3.895619339315412044e-02,4.409690629413863874e-03,6.367942581798393883e-03,4.078827906380676910e-02,1.758897941250988544e-03,2.364243505667109127e-03,1.328162195356546831e-02,3.826739545304365473e-03,9.943861930281282235e-02,8.618459814410075375e-04,2.486999937703572930e-02
9.457434733257659432e-02,9.383844154933658477e-03,2.984588943582180409e+00,1.438108947524832648e-01,1.503149308610574886e-01,5.363456490983737890e-01,1.424414539257190353e-02,1.158276643990929777e-01,-3.510048536506010919e+01,2.112583763258903513e+00,1.504217522281048880e-01,-1.845863015971019871e-01,6.311602119645533249e-02,8.574225141154812047e-02,7.290031588871627444e-02,-1.440640605648151745e-02,-1.912517172868810275e-02,1.013533794810367872e-01,2.138794035763888213e-01,1.407647109550029807e-01,1.299258148711317055e-02,6.362678344026816667e-03,8.310751520379888822e-04,1.952860112826283051e-02,2.056491811226474585e-03,5.599910716845376939e-03,2.336047131052972070e-02,1.247505264876994134e-03,2.893368565741889862e-03,1.307443426848299908e-02,2.858840397933467073e-03,1.020437675151479318e-01,1.025562117125826877e-03,3.242171922100483411e-02,9.667375871096023365e-02,2.945428037048733808e-02,3.138880202765450544e-01,6.990730243771844932e-02,4.094347494077960753e-02,6.153291364286691545e-01,1.250508207869596190e-02,1.251148782335052556e-01,4.707369141665262546e+00,1.157283918291017732e+00,6.895604001016858442e-01,4.107641511355558106e-01,5.026148112375969923e-01,2.804409760362878701e-01,3.198933099428630800e-01,3.105443076235754329e-01,2.965723275895992828e-01,3.555981256446129612e-01,3.101387892065110008e-01,3.558535849713939658e-01,2.497249341690025992e-01,1.168152318014402738e-02,8.449515315388422734e-04,3.524134194555250676e-02,3.860436407270734574e-03,5.499014460849814892e-03,2.186762206106879214e-02,1.707626433265762092e-03,2.664542093943139504e-03,1.352067570869376449e-02,3.853961026015068070e-03,9.930564708309505551e-02,8.311118653719873307e-04,2.483373038253448503e-02
7.552780930760499833e-02,9.359449036974016450e-03,2.970483721866099991e+00,1.310878748869016563e-01,1.553355152521469773e-01,3.968147896565766830e-01,1.491181449673364273e-02,8.956916099773241935e-02,-3.542968843161162340e+01,2.301436205574783678e+00,1.270707450852811508e-03,-1.393943819176709786e-01,7.153164236403419807e-02,1.006002294829452387e-01,1.036605005145971731e-01,-1.167751731962995108e-02,-6.676545051527914623e-03,1.592389502837010529e-01,2.407826355189493783e-01,1.681751629695508177e-01,2.903999590400464792e-02,7.464639365337553956e-03,7.234930487758023734e-04,2.136583719335254442e-02,1.888828572602567956e-03,5.569545510133095886e-03,2.868540815760206239e-02,9.446340395310283758e-04,3.187138992801413946e-03,1.425741433987057910e-02,2.775468806609912228e-03,1.104616175634794417e-01,1.004464859301020148e-03,3.510376983702414438e-02,8.832134753267811833e-02,2.946187154695934299e-02,3.110416598205586469e-01,6.589926750256026866e-02,3.925626865307046964e-02,5.245040876155629972e-01,1.233583358132547825e-02,1.127157489506103033e-01,4.754208041815964236e+00,1.093187916072028587e+00,5.447022784863343459e-01,3.810119627983029611e-01,4.890079155816784984e-01,2.626190311858877524e-01,3.151128790908593325e-01,3.087208121977494946e-01,2.821751344510057269e-01,2.930298619339295474e-01,2.740353755631763644e-01,3.267666050081011186e-01,2.441557645857829750e-01,1.197974615550665735e-02,6.933891942553210147e-04,3.528829299267435826e-02,3.866099785119743969e-03,5.319174122342744740e-03,2.804091835459359208e-02,1.281577838039693303e-03,3.225171237940504740e-03,1.387942063721674633e-02,3.610498019195417137e-03,9.473697598313099433e-02,8.080596781809053913e-04,2.318132609899639651e-02
7.591095462021357765e-02,1.199432937123899806e-03,3.003125491848665174e+00,1.264538520626175000e-01,1.481225787636364366e-01,4.034709917644140886e-01,1.425451758486840324e-02,9.144338007311768324e-02,-3.680290453533433492e+01,2.300944203519036169e+00,-5.424185176062482940e-03,-1.160029031047783848e-01,9.626378803645552207e-02,1.238492422849614971e-01,9.890772347627371786e-02,-1.977680047655043863e-02,-5.590617033975808260e-03,1.911342757750924271e-01,2.878358858927193009e-01,2.069509119119110896e-01,5.791272104372663376e-02,5.900121425656878159e-03,7.324006453921304933e-04,1.235033698977153378e-02,1.963786108168360470e-03,5.710934667830383851e-03,3.152920286738351147e-02,9.893106920485005094e-04,3.653051662403466755e-03,1.432294996547607037e-02,2.865880119847915349e-03,1.175375285477723297e-01,1.024558736030734257e-03,3.479678153261184237e-02,8.837245077093791590e-02,5.744333744936507349e-03,1.916141160731769100e-01,6.725475940824800214e-02,3.132013165654176645e-02,5.275497228134768957e-01,1.227380351714405828e-02,1.131474227629812729e-01,2.755406016052472040e+00,1.105575270240642949e+00,5.423619427421636496e-01,3.754577928874927584e-01,4.768935375233611662e-01,2.677783169115954820e-01,3.130696067356734114e-01,3.114939874803897557e-01,2.797662196788658351e-01,2.708516423287425368e-01,2.336318883203316876e-01,2.970569537799762627e-01,2.186505138725784725e-01,6.421801106215222800e-03,6.967327405528709076e-04,1.484362027789712900e-02,3.885722831390023106e-03,5.349666316051262735e-03,2.995934034159886475e-02,1.279789808062404893e-03,3.707845695231290484e-03,1.309389446653962293e-02,3.615824694837762535e-03,9.170947482417922403e-02,8.186128304297189424e-04,2.336430829693707939e-02
7.826849654318440708e-02,6.531661505238496785e-05,3.033058020622533935e+00,1.277202773294215110e-01,1.461003806046034248e-01,4.012465197048428189e-01,1.213106749689776311e-02,9.425891568748712146e-02,-3.759522865632432342e+01,2.123261816556077708e+00,-7.605708509690313479e-02,-1.391088830351903394e-01,1.403344367267579385e-01,1.674325690656660315e-01,1.024828760145748419e-01,3.997827015201286215e-03,-1.507627898753797872e-02,2.006909475529794762e-01,3.083637889372445873e-01,2.244426536341539991e-01,4.955834075285881629e-02,5.784248658301202259e-03,7.855504348422948611e-04,1.038653348020565984e-02,1.996675526811257217e-03,6.044375259556353241e-03,3.117339081021097691e-02,1.010066655247371988e-03,3.922833969347948833e-03,1.305644431906932516e-02,3.115105548829459701e-03,1.200691859430099567e-01,1.109066347869858702e-03,3.523030572980915404e-02,8.993427590597707910e-02,1.302234311519917976e-04,1.431486478152768360e-01,6.886227513155318558e-02,3.064425071198687359e-02,5.116699715559891448e-01,8.769614066734415098e-03,1.142733181648538376e-01,9.572679879622372212e-01,1.010654465733697327e+00,5.240213211841846519e-01,3.808954740775087333e-01,4.831214790809306159e-01,2.393781324851464165e-01,3.120569717599839255e-01,3.093698225203416197e-01,2.772174056610423598e-01,2.788743684927211253e-01,2.233622959204535907e-01,3.055195563340273313e-01,2.243670158072909315e-01,6.738477198123708073e-03,7.140303568991293289e-04,1.150074365840432315e-02,3.965023629939563865e-03,5.510649488399618767e-03,2.969979297615460770e-02,1.259529838929300278e-03,3.803125615473343813e-03,1.216562978810104521e-02,3.727288484584472851e-03,9.415225200258706129e-02,8.138608978178468864e-04,2.412902994171644069e-02
5.791786722547220823e-02,3.259875271054563502e-05,3.012294500086325932e+00,1.120222860608889176e-01,1.503253828863584662e-01,2.961437834632071886e-01,1.292750860862567838e-02,7.000407000407002367e-02,-3.786128246902623573e+01,2.284389947169559676e+00,-1.680441890740211608e-01,-8.865126516513643917e-02,1.783779384114589361e-01,1.865069077006140386e-01,1.268059677607935309e-01,-3.988528827865199002e-03,-6.408900894037310170e-02,1.853245664987764330e-01,3.213032548516998599e-01,2.654151718272125815e-01,6.390413619244879329e-02,6.436365760231537760e-03,8.449513059851179210e-04,1.143831815579634571e-02,1.008097100595693350e-03,5.704909825239501929e-03,3.442849650299714681e-02,8.875297969586751256e-04,4.255949089015233743e-03,1.379881872355209933e-02,3.207812816284871717e-03,1.350683796528091840e-01,1.113294160353168810e-03,3.913239646523519744e-02,7.401181301686923786e-02,9.620458498636508303e-05,1.379640820538861612e-01,5.627160053838275305e-02,2.809496240908561371e-02,4.430343262947405436e-01,8.999816158632637300e-03,9.772134275505471590e-02,5.228226180125318256e-01,9.476857490565042674e-01,4.800191025647700394e-01,3.556677539270331478e-01,4.961969789936531705e-01,2.132833625144356093e-01,3.147996213172021829e-01,3.170398154383611278e-01,2.425858810822627554e-01,2.874648087793693074e-01,2.195376668166851841e-01,2.942228975778781730e-01,2.320042618817533819e-01,6.890605232694945077e-03,7.348233615162744984e-04,1.179502631775658159e-02,1.596284652006825164e-03,5.431185801362327023e-03,2.998691426337206020e-02,1.196711258696998110e-03,3.903338097630948151e-03,1.244403732021017762e-02,3.898867075935960515e-03,8.955826178254092107e-02,8.044873439430294364e-04,2.286391268830629750e-02
3.228283367830673406e-02,1.996791420797132428e-06,2.988542003004564407e+00,9.276302955719135934e-02,1.580438019629749613e-01,1.708885974883225523e-01,1.394915385598977445e-02,3.868213952247565035e-02,-3.793430735738134274e+01,2.536503314740702120e+00,-2.983286348253167963e-01,-4.364745418398244953e-02,1.117843129317329515e-01,1.841093049234026613e-01,1.199239687689758888e-01,-6.930632183931093038e-02,-9.402946902052608524e-02,2.556538844086130302e-01,2.960473214657431407e-01,2.691629466954961747e-01,7.436954321379891930e-02,7.219329757830865793e-03,8.384944915678876984e-04,1.287339353991302088e-02,6.839480120886219650e-04,4.779208937996133090e-03,3.859565469899141343e-02,7.232088863165513255e-04,4.469704859223676274e-03,1.540546110185655841e-02,3.100109037958131628e-03,1.544802937361362816e-01,9.582444098099119397e-04,4.430468778615815478e-02,3.387950144125169427e-02,1.759279605105603685e-06,1.314591881851382982e-01,2.712244987206760202e-02,1.871169801654484072e-02,3.167600944376232075e-01,9.205240497589058449e-03,5.744182768130004502e-02,4.798252363040551027e-01,7.038054249843359589e-01,3.431795884429058585e-01,3.488999914663595825e-01,4.586970970604483111e-01,2.072479112981904514e-01,3.058681084937486250e-01,2.714088282225603499e-01,2.418899725998866213e-01,2.125062218406844894e-01,1.999449914251973381e-01,2.730463939772683757e-01,2.027199316161593101e-01,7.042862492229293343e-03,7.443966591342092692e-04,1.197391497556602249e-02,6.903741036296569397e-04,4.488377767317469971e-03,2.989126143946508815e-02,1.160486706675846165e-03,4.096369007212167374e-03,1.253443392411200154e-02,3.492597344348615223e-03,7.912007766624203076e-02,5.744111043185799650e-04,1.976305137157345973e-02
2.403225175153625784e-02,1.722362261166441572e-06,2.982686559655475023e+00,8.620295559543982022e-02,1.596693754247696662e-01,8.871601147068605697e-02,1.464435246201580693e-02,2.541246383610915732e-02,-3.786666935369117226e+01,2.765228411991300650e+00,-3.170747126347281952e-01,-3.366210968832811928e-02,-4.270334619939806370e-02,1.822321318399814649e-01,7.273490660158658805e-02,-6.422838276764859800e-02,-7.039104882726997248e-02,2.498409279458020105e-01,3.055507119828689278e-01,2.592495792699802681e-01,8.719244845632789787e-02,8.304270000966375298e-03,7.188720088584601466e-04,1.476320385215747037e-02,6.097728242779363412e-04,5.257723587870953910e-03,4.361997660805270322e-02,5.333037709851885062e-04,4.922747534590132465e-03,1.654127021687598273e-02,2.787312443437373315e-03,1.487664919214069237e-01,9.574813016132724874e-04,4.308120409400652967e-02,6.732161728443383265e-03,5.587850100535934624e-07,1.391084788629972369e-01,1.386773911445402831e-02,1.781501860392703529e-02,3.116671268953275648e-02,9.715187156984836717e-03,6.614523725875861779e-03,4.385887894620322802e-01,3.657421286015425377e-01,2.809833295413831644e-01,2.918926119291571641e-01,2.491745345082973517e-01,1.967406287937616405e-01,2.573816363705721533e-01,2.704823051724199456e-01,2.423866042576242885e-01,2.114785346388249887e-01,2.068713256007406187e-01,2.608379985704518678e-01,1.953878088888093278e-01,7.077933815830329302e-03,5.621264948949886283e-04,1.198415289916155389e-02,6.135719776277639374e-04,4.642714011002014446e-03,2.953901922227419180e-02,3.496640815864989144e-04,4.217703981567282913e-03,1.302888035141393230e-02,3.059018313434341135e-03,7.070620996139806436e-02,5.915327933360168622e-04,1.702104072970705290e-02
2.459326522890654607e-02,1.763981772841396915e-06,2.986526033051594808e+00,8.723022909305511163e-02,1.599361240136533413e-01,9.319153544177259663e-02,1.285817254280465470e-02,2.598261526832955706e-02,-3.770318851290048912e+01,2.896638232375410293e+00,-2.319110953369005745e-01,-9.823805722334216783e-02,-1.048495376741437751e-01,2.068811339778096059e-01,1.196248151962437251e-01,-2.187923720783272255e-02,-1.925482889989867455e-02,2.301777981716643939e-01,2.723308434561946267e-01,2.012841756442249608e-01,5.678979813681114819e-02,9.424022764982961306e-03,6.105431417615291229e-04,1.725412474341136981e-02,4.882126114717915701e-04,6.023265380361364670e-03,4.848592383874542056e-02,4.945960833227455462e-04,5.247271297546057638e-03,1.597234926204800162e-02,2.252628337418878437e-03,1.356884885680999520e-01,8.688390831703554163e-04,3.978782741112656812e-02,6.162125416156765366e-03,4.146807857870378620e-07,1.373766505370733193e-01,1.199555397026547642e-02,1.630034694224851907e-02,2.807094531220739875e-02,6.922523067158839992e-03,4.627701018994126274e-03,2.076407355199184623e-01,2.252904912917600699e-01,2.087628862364115379e-01,2.497530798116730233e-01,1.881087236048288036e-01,1.632173640347850674e-01,2.340728466538691266e-01,2.692987539233268057e-01,2.271044000384009331e-01,1.638559486003187682e-01,1.958514226159641380e-01,2.384038850059130854e-01,1.782032756688493313e-01,6.998844612525612421e-03,4.373843163654571862e-04,1.164776316617529596e-02,4.158470079628299445e-04,4.692777143218167767e-03,2.923812999456454689e-02,3.201170352658737968e-04,4.320381704944464656e-03,1.120798341608340853e-02,2.179694747567837744e-03,5.871435796493089387e-02,4.924509099088772652e-04,1.345109250194936532e-02
2.515084533126232119e-02,1.784258358713666065e-06,2.997732672855916825e+00,8.892472535139231415e-02,1.606718188312688256e-01,9.961343671079504747e-02,1.260699547168645483e-02,2.601742451366511125e-02,-3.766335467637016876e+01,2.946959918350592567e+00,-1.748107420687413371e-01,-1.476403948296407809e-01,-1.364915387490368281e-01,2.322289582078455594e-01,2.002367878000985424e-01,4.705609462468906407e-02,3.288160113756841835e-02,2.300754056779385215e-01,2.172455826960247582e-01,1.234452129049776609e-01,2.396523959484036723e-02,1.092500684316028911e-02,5.846703136212595209e-04,2.065830658992992563e-02,4.169317480836274301e-04,6.452260835644256509e-03,5.016889711880971603e-02,5.050268337076348289e-04,5.457342112979325990e-03,1.559971350160682148e-02,2.285911303300904637e-03,1.285231207067805692e-01,8.115373494279670089e-04,3.825481444015217669e-02,6.360072917132821545e-03,4.500371040139123062e-07,1.363696764682905127e-01,1.258596236466458414e-02,1.746540968296383944e-02,2.753823507428729972e-02,7.058223218843780525e-03,4.436718055959208706e-03,1.718168992460268607e-01,2.054627974137519519e-01,1.839671975298691753e-01,2.401670212988840369e-01,1.711137856128466528e-01,1.669312418381447838e-01,1.924673542876730037e-01,2.508905327724646472e-01,1.904452922139399651e-01,1.779285013205778032e-01,1.807281833339802191e-01,2.042334132031533023e-01,1.789487543469419351e-01,7.017035831100359999e-03,4.268798161821890170e-04,1.074304284453102276e-02,3.872811800027511019e-04,4.884981905159232335e-03,3.074827256249515819e-02,3.153723340224376544e-04,4.515101415117525954e-03,1.218550369448305991e-02,2.410971417482452289e-03,5.620349518128845562e-02,4.473873458182958652e-04,1.247779943741720264e-02
2.578239014107345725e-02,1.642062168857872538e-06,3.008634534794355719e+00,9.283493220525491918e-02,1.641745287560527622e-01,1.093170801387740448e-01,1.135794850031358709e-02,2.704891480401683951e-02,-3.764575512624377751e+01,2.970285476032096028e+00,-2.031400923631919431e-01,-9.778717432455638625e-02,-1.092964466854083466e-01,2.109560291709562385e-01,1.537568858779188863e-01,3.011537735133880747e-02,1.490697818160354425e-02,2.237302109850594078e-01,1.934121903827536737e-01,9.004071343387418103e-02,-1.650029152343480293e-04,1.257426133698369940e-02,6.402080548272093621e-04,2.273405126253300393e-02,5.256708344607759773e-04,7.010240293500051567e-03,5.411610543620141989e-02,5.146536159695183459e-04,6.132286442023063798e-03,1.489970433471437573e-02,2.930929146070587136e-03,1.142662727257894861e-01,8.303423657690266928e-04,3.539890355886476242e-02,6.652243066893470322e-03,2.223746873375173051e-07,1.296147216176467276e-01,1.081803323838003393e-02,1.656201121384381914e-02,2.015079572131578053e-02,4.447487612744707372e-03,3.025840896059184444e-03,1.587691290904732211e-01,2.147208094295501579e-01,1.959735622960891155e-01,2.395805783078307216e-01,1.629900479230932953e-01,1.259342140216760386e-01,1.731867508706612935e-01,2.092722706008074973e-01,1.614776905880915270e-01,1.961128121817902747e-01,1.821783035865452427e-01,1.887928533894535355e-01,1.814491088761865101e-01,6.794618049552880561e-03,4.715906506389280187e-04,1.096553413198702101e-02,3.968200748893774537e-04,4.541764787852712107e-03,3.441570517232130089e-02,2.850592088285087348e-04,4.754913991039192052e-03,1.102607103562134282e-02,2.509260582476318616e-03,5.096839039855066700e-02,4.425750144133248735e-04,1.059287012416944285e-02
2.837684449489217067e-02,1.595316668156101082e-06,3.008311047221850387e+00,9.170619378812189249e-02,1.610036103949418762e-01,1.131481847700075150e-01,1.198721648233221429e-02,2.721088435374149905e-02,-3.767487974789501948e+01,3.050910850894026360e+00,-1.779730668120517167e-01,-7.470342229996733419e-02,-1.172275044925539522e-01,2.475737719429305650e-01,1.239711736831215910e-01,1.242168947142791718e-02,4.843969792565859349e-03,1.599395176870871405e-01,1.578728180796817038e-01,6.163462632538845715e-02,2.079034433762898954e-02,1.387246650052393650e-02,5.047865734448694040e-04,2.580015401311490028e-02,5.507351493615413691e-04,6.057674076274715581e-03,6.713095320052527015e-02,5.898464145345434003e-04,6.505819620181680675e-03,1.412845358214184430e-02,2.848115818325564017e-03,9.096324717367752777e-02,7.561182472243593248e-04,3.156191815653776322e-02,5.456755619317426101e-03,2.227986491468010066e-07,1.472761675545527227e-01,8.033979748768417181e-03,1.168911839887738259e-02,2.062257311009905308e-02,4.223217964888544528e-03,1.851466169904140415e-03,1.632962057821730206e-01,1.722328739134688647e-01,1.944009251490305956e-01,2.120287712667663083e-01,1.709248185052995583e-01,1.258530339757673588e-01,1.745115507213035599e-01,2.155039664510872421e-01,1.841008996768265515e-01,1.287970380449414698e-01,2.041332828024089441e-01,1.554897022413387342e-01,2.037233733646649225e-01,6.815886184059533406e-03,3.626004632740026878e-04,1.134337248431062893e-02,4.423445610601621481e-04,3.392031697618317493e-03,3.631440253651191385e-02,2.976846365068498224e-04,5.333439915916553253e-03,1.131107010311637427e-02,2.282015506365753232e-03,3.338095796561087181e-02,5.010431105983305768e-04,5.440804415819487823e-03
2.752553916004540219e-02,1.766377500482982054e-06,3.083046071383754416e+00,8.795190534363335477e-02,1.578116486579115296e-01,9.668000067117926699e-02,1.122305492631837584e-02,2.721088435374149905e-02,-3.766122935267823379e+01,3.108174829168270925e+00,-2.082964346583371928e-01,-8.786615941307474031e-03,-1.889181209566902220e-01,2.679702311587435215e-01,3.557001655627051867e-02,-4.659851180851985741e-03,-3.397117914988264514e-02,1.937409380189193675e-01,3.537998215315533157e-01,1.550091052509365852e-01,-1.191729636904143713e-02,1.371268150529706027e-02,2.889279855708856660e-04,2.340522813065510840e-02,8.140597780196544590e-04,7.532038177196457608e-03,6.837058712976294694e-02,5.446375002940432230e-04,8.727484686190070673e-03,1.200948268642119433e-02,1.589766815628605723e-03,9.499356195933536529e-02,6.253287753519905928e-04,3.142374787246691309e-02,7.195642640809287935e-03,1.420899401060186584e-07,7.396484087783279648e-02,5.402642682118549179e-03,1.094546156229400657e-02,3.504214441808422165e-03,1.525199933983249117e-03,1.603416737384461303e-03,1.900341893768074664e-01,1.593067247867813452e-01,6.649601952809053307e-02,1.264146918451161949e-01,1.295666224716224002e-01,1.219424131424632768e-01,1.578280800964367847e-01,3.070720878007919263e-01,2.441165043744845387e-01,5.737300634994862980e-02,4.751319306531893993e-02,1.813351606886472456e-01,1.836123997918039930e-01,7.405603431435123056e-03,8.241754795570249389e-05,9.005512833523370356e-03,4.934180381606291955e-04,4.111618133923671675e-03,2.866823413650442659e-02,3.579137065656209124e-04,3.665538560259324046e-03,6.045476618970174743e-03,8.238107276030173483e-04,2.824649278998862811e-02,5.028452474600235292e-04,3.856199257433947682e-03
